timestamp,accl_x,accl_y,accl_z,gyro_x,gyro_y,gyro_z,mag_x,mag_y,mag_z,temp,emg,
 719925,0.10498046875,-0.3115234375,-1.0146484375,-22.34756088256836,21.829269409179688,-1.6768293380737305,-10.949999809265137,-12.600000381469727,13.5,38.25222396850586,0,
 719935,0.15380859375,-0.34619140625,-0.946533203125,-12.37804889678955,20.39634132385254,-0.4268292784690857,-9.899999618530273,-13.050000190734863,10.800000190734863,38.108455657958984,0,
 719945,0.17919921875,-0.23876953125,-0.993896484375,-22.10365867614746,22.68292808532715,0.12195122241973877,-10.800000190734863,-12.0,16.200000762939453,38.395992279052734,0,
 719955,0.056640625,-0.43115234375,-1.020263671875,-6.280488014221191,17.926830291748047,-4.481707572937012,-12.75,-12.449999809265137,12.899999618530273,38.06053161621094,0,
 719965,0.200439453125,-0.579833984375,-0.77099609375,15.640244483947754,20.823171615600586,-12.164634704589844,-12.600000381469727,-11.399999618530273,13.050000190734863,38.15637969970703,0,
 719975,-0.0205078125,-0.232421875,-1.129638671875,1.2804877758026123,27.59146499633789,-11.09756088256836,-12.600000381469727,-11.399999618530273,13.050000190734863,38.108455657958984,0,
 719985,0.1015625,-0.27783203125,-0.9990234375,-20.121952056884766,28.44512176513672,-8.32317066192627,-12.149999618530273,-12.600000381469727,14.25,38.15637969970703,0,
 719995,0.07275390625,-0.136474609375,-1.098388671875,7.439024448394775,25.731708526611328,-3.5060975551605225,-12.300000190734863,-11.550000190734863,14.399999618530273,37.91676330566406,0,
 720005,-0.025390625,-0.310302734375,-1.091796875,0.030487805604934692,38.10975646972656,-3.9939024448394775,-13.800000190734863,-11.550000190734863,13.649999618530273,38.15637969970703,0,
 720035,0.138916015625,-0.330322265625,-0.987548828125,-10.304878234863281,48.90243911743164,7.042683124542236,-13.050000190734863,-8.850000381469727,10.949999809265137,38.15637969970703,0,
 720045,0.23193359375,-0.250732421875,-0.944091796875,-2.7439024448394775,43.353660583496094,11.40243911743164,-13.050000190734863,-11.25,13.199999809265137,38.06053161621094,0,
 720055,0.231201171875,-0.22265625,-0.961181640625,1.5548781156539917,44.63414764404297,16.829269409179688,-13.350000381469727,-12.149999618530273,12.75,37.96468734741211,0,
 720065,0.278076171875,-0.2431640625,-0.916259765625,-10.518293380737305,42.530487060546875,22.774391174316406,-13.350000381469727,-12.149999618530273,12.75,38.15637969970703,0,
 720075,0.243896484375,-0.193115234375,-0.919921875,-3.8109757900238037,41.432926177978516,30.060976028442383,-14.100000381469727,-12.149999618530273,12.300000190734863,38.15637969970703,0,
 720085,0.219970703125,-0.198486328125,-0.958740234375,-1.25,43.20122146606445,35.67073440551758,-14.699999809265137,-12.449999809265137,14.399999618530273,38.25222396850586,0,
 720095,0.248046875,-0.242431640625,-0.93505859375,-5.487804889678955,44.26829528808594,39.756099700927734,-16.200000762939453,-10.350000381469727,12.899999618530273,37.96468734741211,0,
 720105,0.2939453125,-0.24853515625,-0.92724609375,-0.9451219439506531,44.93902587890625,42.682926177978516,-16.200000762939453,-10.350000381469727,12.899999618530273,38.25222396850586,0,
 720115,0.280517578125,-0.293701171875,-0.918701171875,-1.7073171138763428,43.38414764404297,44.57317352294922,-14.100000381469727,-10.949999809265137,13.050000190734863,38.395992279052734,0,
 720125,0.313720703125,-0.3125,-0.840087890625,-3.079268455505371,40.274391174316406,45.79268264770508,-14.699999809265137,-13.199999809265137,12.899999618530273,38.25222396850586,0,
 720135,0.50439453125,-0.376708984375,-0.763427734375,-2.9573171138763428,32.28658676147461,45.182926177978516,-14.399999618530273,-12.149999618530273,13.5,38.25222396850586,0,
 720145,0.456298828125,-0.404052734375,-0.70703125,-4.817073345184326,22.98780632019043,41.95122146606445,-15.600000381469727,-12.149999618530273,12.75,37.96468734741211,0,
 720155,0.503173828125,-0.415283203125,-0.71484375,-5.4268293380737305,4.634146213531494,34.35975646972656,-15.600000381469727,-12.149999618530273,12.75,38.06053161621094,0,
 720165,0.4326171875,-0.524658203125,-0.679931640625,6.981707572937012,-10.54878044128418,17.89634132385254,-14.399999618530273,-13.800000190734863,14.25,38.395992279052734,0,
 720175,0.549560546875,-0.606201171875,-0.5576171875,9.146341323852539,-22.530488967895508,-1.1890244483947754,-14.100000381469727,-11.399999618530273,12.75,38.06053161621094,0,
 720185,0.638916015625,-0.565673828125,-0.595458984375,2.0731706619262695,-44.1158561706543,-19.817073822021484,-14.399999618530273,-13.800000190734863,15.0,38.06053161621094,0,
 720195,0.776611328125,-0.427734375,-0.5302734375,-11.615854263305664,-62.164634704589844,-28.44512176513672,-14.399999618530273,-13.800000190734863,15.0,38.06053161621094,0,
 720235,0.764892578125,-0.069091796875,-0.401611328125,-36.280487060546875,-177.5,-5.670732021331787,-12.300000190734863,-14.399999618530273,15.449999809265137,38.15637969970703,0,
 720245,-0.51708984375,0.93212890625,-1.3876953125,-1.3109756708145142,-220.97561645507812,-15.792683601379395,-12.300000190734863,-14.399999618530273,15.449999809265137,37.96468734741211,0,
 720255,-3.09765625,2.093994140625,-4.6142578125,21.73780632019043,-266.493896484375,-60.70122146606445,-9.899999618530273,-13.800000190734863,15.75,38.15637969970703,0,
 720265,-1.8447265625,-0.431640625,-0.187744140625,306.18902587890625,-50.914634704589844,-83.14024353027344,-8.699999809265137,-11.399999618530273,14.25,38.108455657958984,0,
 720275,0.183837890625,-2.202392578125,-0.53466796875,423.3841552734375,56.76829528808594,-79.78659057617188,-9.899999618530273,-8.25,13.050000190734863,38.108455657958984,0,
 720285,0.048583984375,-3.33251953125,-1.007568359375,211.21951293945312,47.774391174316406,-11.158536911010742,-9.899999618530273,-8.25,13.050000190734863,38.25222396850586,0,
 720295,-0.164794921875,-0.875244140625,-0.236083984375,-187.6829376220703,-64.4817123413086,57.9878044128418,-8.699999809265137,-6.300000190734863,12.300000190734863,37.91676330566406,0,
 720305,-0.5078125,-0.16064453125,-1.24951171875,-169.93902587890625,-4.207317352294922,29.7560977935791,-8.399999618530273,-9.449999809265137,13.800000190734863,38.06053161621094,0,
 720315,0.21728515625,-0.00244140625,-1.176513671875,-115.0,111.25,14.542683601379395,-8.699999809265137,-10.949999809265137,14.550000190734863,38.395992279052734,0,
 720325,0.466064453125,-0.02783203125,-0.630859375,-108.14024353027344,91.61585235595703,-10.670731544494629,-10.050000190734863,-10.800000190734863,13.649999618530273,38.06053161621094,0,
 720335,0.527099609375,0.15283203125,-1.444091796875,-137.86585998535156,69.1463394165039,-8.719511985778809,-10.050000190734863,-10.800000190734863,13.649999618530273,38.06053161621094,0,
 720345,0.13232421875,0.1220703125,-0.7216796875,-51.432926177978516,-3.5365853309631348,25.823171615600586,-8.850000381469727,-13.649999618530273,11.399999618530273,37.96468734741211,0,
 720355,0.157958984375,-0.07373046875,-0.95458984375,21.920732498168945,-1.920731782913208,3.1402440071105957,-10.050000190734863,-12.449999809265137,11.399999618530273,37.96468734741211,0,
 720365,0.129638671875,-0.30908203125,-1.083251953125,86.15853881835938,-6.737804889678955,-7.621951580047607,-9.899999618530273,-10.649999618530273,15.0,38.15637969970703,0,
 720375,0.00390625,-0.665283203125,-0.959228515625,114.08536529541016,-43.506099700927734,-16.79878044128418,-9.899999618530273,-10.649999618530273,15.0,38.25222396850586,0,
 720385,-0.157470703125,-0.83740234375,-1.003173828125,96.28048706054688,-48.6280517578125,-4.237804889678955,-9.899999618530273,-10.949999809265137,12.300000190734863,38.108455657958984,0,
 720395,-0.2490234375,-0.7958984375,-0.850830078125,24.664634704589844,-1.0670732259750366,-6.707317352294922,-9.449999809265137,-9.899999618530273,13.5,37.91676330566406,0,
 720405,-0.18310546875,-0.5224609375,-1.0732421875,-57.92683029174805,49.2378044128418,-4.329268455505371,-10.199999809265137,-9.899999618530273,13.050000190734863,38.25222396850586,0,
 720415,-0.07958984375,-0.30615234375,-1.108642578125,-79.08536529541016,68.6280517578125,1.25,-9.899999618530273,-9.449999809265137,13.800000190734863,38.15637969970703,0,
 720445,0.078369140625,-1.19140625,-0.40234375,-60.060977935791016,99.20732116699219,-33.932926177978516,-10.649999618530273,-9.449999809265137,12.300000190734863,38.15637969970703,0,
 720455,0.28857421875,-0.360595703125,-1.307373046875,-125.12195587158203,52.621952056884766,-36.25,-11.699999809265137,-9.899999618530273,13.050000190734863,38.300148010253906,0,
 720465,0.000244140625,0.257568359375,-1.253662109375,-66.49390411376953,97.5,24.207317352294922,-11.699999809265137,-9.899999618530273,13.050000190734863,38.395992279052734,0,
 720475,0.318359375,0.1630859375,-0.6962890625,-36.128047943115234,89.81707763671875,10.15243911743164,-12.600000381469727,-11.399999618530273,13.800000190734863,38.25222396850586,0,
 720485,0.464599609375,0.004638671875,-0.98779296875,31.09756088256836,38.04878234863281,26.920732498168945,-14.25,-11.25,13.949999809265137,38.25222396850586,0,
 720495,0.236083984375,-0.1630859375,-0.78955078125,17.164634704589844,60.7621955871582,33.44512176513672,-13.649999618530273,-12.149999618530273,13.800000190734863,38.108455657958984,0,
 720505,0.351318359375,-0.2783203125,-0.782958984375,0.8841463327407837,44.42073440551758,39.69512176513672,-13.649999618530273,-12.149999618530273,13.800000190734863,38.25222396850586,0,
 720515,0.2685546875,-0.228271484375,-0.89599609375,15.365854263305664,53.59756088256836,42.560977935791016,-13.5,-11.25,13.199999809265137,38.25222396850586,0,
 720525,0.355224609375,-0.381591796875,-0.854736328125,-16.737804412841797,50.79268264770508,39.78658676147461,-14.399999618530273,-10.199999809265137,14.25,38.108455657958984,0,
 720535,0.367431640625,-0.27783203125,-0.8505859375,-0.9451219439506531,45.67073440551758,39.32926940917969,-14.699999809265137,-12.0,13.649999618530273,37.96468734741211,0,
 720646,0.5625,-0.27685546875,-0.68798828125,0.21341463923454285,-52.5,-23.475610733032227,-15.0,-12.449999809265137,13.649999618530273,38.06053161621094,0,
 720656,0.703857421875,-0.25634765625,-0.586181640625,-1.3719512224197388,-65.82317352294922,-26.58536720275879,-14.100000381469727,-13.350000381469727,11.25,38.25222396850586,0,
 720666,0.851318359375,-0.25,-0.4677734375,-9.420731544494629,-82.01219940185547,-27.68292808532715,-14.699999809265137,-10.800000190734863,13.649999618530273,38.15637969970703,0,
 720676,1.04931640625,-0.203369140625,-0.299560546875,-24.329269409179688,-107.7743911743164,-19.969512939453125,-13.5,-13.199999809265137,13.199999809265137,38.25222396850586,0,
 720686,1.134033203125,-0.159912109375,-0.1591796875,-42.34756088256836,-136.15853881835938,-5.8231706619262695,-13.5,-13.199999809265137,13.199999809265137,37.77299499511719,0,
 720696,0.9345703125,-0.132080078125,-0.2822265625,-39.93902587890625,-180.5792694091797,7.22560977935791,-12.0,-14.399999618530273,13.949999809265137,38.395992279052734,0,
 720706,-2.0498046875,1.91845703125,-3.405517578125,-127.31707763671875,-238.56707763671875,15.091464042663574,-11.25,-13.649999618530273,14.399999618530273,38.300148010253906,0,
 720716,-2.81005859375,1.0341796875,-2.754150390625,87.7743911743164,-296.06707763671875,-87.3780517578125,-10.050000190734863,-13.649999618530273,15.149999618530273,37.96468734741211,0,
 720726,-0.968505859375,-1.4765625,0.68115234375,383.20123291015625,30.609756469726562,-82.43902587890625,-10.050000190734863,-12.449999809265137,12.899999618530273,38.06053161621094,0,
 720736,0.69482421875,-3.53173828125,-2.41748046875,454.6341552734375,108.07926940917969,-19.725610733032227,-10.050000190734863,-12.449999809265137,12.899999618530273,38.108455657958984,0,
 720746,-0.187255859375,-1.913330078125,-0.019775390625,-65.91463470458984,-27.957317352294922,27.042682647705078,-9.149999618530273,-6.300000190734863,12.75,37.96468734741211,0,
 720756,-0.357177734375,-0.3330078125,-0.811767578125,-177.43902587890625,-92.28659057617188,50.54878234863281,-7.949999809265137,-8.699999809265137,12.0,38.15637969970703,0,
 720766,-0.193359375,0.06494140625,-1.32861328125,-136.34146118164062,61.70731735229492,28.292682647705078,-6.75,-10.949999809265137,15.300000190734863,38.15637969970703,0,
 720776,0.384033203125,-0.27880859375,-0.9296875,-28.475610733032227,120.48780822753906,-5.54878044128418,-6.75,-10.949999809265137,15.300000190734863,38.108455657958984,0,
 720786,0.3896484375,-0.15673828125,-0.70458984375,-97.6524429321289,51.067073822021484,-18.780488967895508,-8.850000381469727,-10.050000190734863,13.199999809265137,37.868839263916016,0,
 720796,0.325439453125,0.054931640625,-1.237060546875,-115.36585998535156,42.19512176513672,13.90243911743164,-9.300000190734863,-11.25,15.449999809265137,38.15637969970703,0,
 720806,0.169921875,0.11328125,-0.8525390625,-39.17683029174805,3.1402440071105957,16.585365295410156,-9.899999618530273,-12.149999618530273,15.300000190734863,38.300148010253906,0,
 720816,0.07568359375,-0.107666015625,-0.982421875,37.560977935791016,-10.060976028442383,1.6463414430618286,-10.050000190734863,-11.25,14.699999809265137,38.06053161621094,0,
 720826,0.172119140625,-0.40380859375,-1.010009765625,90.0,-17.225610733032227,-10.670731544494629,-10.050000190734863,-11.25,14.699999809265137,38.15637969970703,0,
 720836,-0.057373046875,-0.57373046875,-1.08447265625,93.14024353027344,-45.73170852661133,-5.396341800689697,-10.5,-9.300000190734863,14.699999809265137,37.96468734741211,0,
 720846,-0.271240234375,-0.88623046875,-0.925048828125,94.66463470458984,-46.03658676147461,-10.182927131652832,-9.899999618530273,-9.899999618530273,13.5,38.25222396850586,0,
 720856,-0.1513671875,-0.705078125,-0.783935546875,-4.390244007110596,9.786585807800293,1.8292683362960815,-7.5,-10.949999809265137,12.300000190734863,38.395992279052734,0,
 720866,0.062744140625,-0.402587890625,-1.127685546875,-77.56097412109375,57.80487823486328,3.5975611209869385,-7.5,-10.949999809265137,12.300000190734863,38.44391632080078,0,
 720876,0.007568359375,-0.26318359375,-1.09716796875,-65.82317352294922,41.432926177978516,8.384146690368652,-10.199999809265137,-10.949999809265137,13.800000190734863,37.96468734741211,0,
 720886,-0.170654296875,-0.41650390625,-1.128662109375,1.6158536672592163,26.310976028442383,-2.4695122241973877,-10.050000190734863,-11.550000190734863,14.399999618530273,38.06053161621094,0,
 720896,-0.0947265625,-0.502685546875,-0.970458984375,-30.94512176513672,41.70731735229492,-0.4268292784690857,-9.149999618530273,-11.399999618530273,12.75,38.25222396850586,0,
 720906,-0.135498046875,-0.391845703125,-1.198974609375,-17.164634704589844,44.024391174316406,-7.469512462615967,-10.800000190734863,-11.550000190734863,13.949999809265137,38.395992279052734,0,
 720916,-0.25048828125,-0.403564453125,-1.13037109375,-50.97561264038086,67.53048706054688,-16.829269409179688,-10.800000190734863,-11.550000190734863,13.949999809265137,38.108455657958984,0,
 720926,-0.79541015625,-0.2548828125,-1.595458984375,86.18902587890625,95.60975646972656,-52.28658676147461,-11.550000190734863,-9.300000190734863,14.399999618530273,38.06053161621094,0,
 720936,0.185791015625,-0.906982421875,-0.491455078125,-88.9024429321289,66.79878234863281,-29.512195587158203,-10.050000190734863,-10.350000381469727,12.449999809265137,38.25222396850586,0,
 720946,0.07666015625,-0.10107421875,-1.406005859375,-40.57926940917969,81.46341705322266,-5.152439117431641,-12.149999618530273,-10.949999809265137,13.800000190734863,38.25222396850586,0,
 720956,0.12841796875,-0.009521484375,-0.756103515625,-60.67073440551758,117.3780517578125,14.57317066192627,-12.149999618530273,-10.949999809265137,13.800000190734863,38.25222396850586,0,
 720966,0.34716796875,0.012451171875,-0.949951171875,-52.07317352294922,73.81097412109375,26.89024543762207,-13.5,-11.25,12.899999618530273,38.15637969970703,0,
 720976,0.358154296875,0.041748046875,-0.777099609375,-17.10365867614746,51.49390411376953,58.59756088256836,-13.5,-12.75,15.149999618530273,37.91676330566406,0,
 720986,0.204833984375,0.14453125,-0.978759765625,12.865854263305664,71.18902587890625,69.32926940917969,-15.0,-11.550000190734863,15.149999618530273,38.15637969970703,0,
 720996,0.33740234375,-0.072998046875,-0.815185546875,0.09146341681480408,71.31097412109375,77.01219940185547,-13.350000381469727,-13.350000381469727,13.800000190734863,37.91676330566406,0,
 721006,0.398193359375,-0.14453125,-0.895263671875,12.65243911743164,62.68292999267578,79.57317352294922,-13.350000381469727,-13.350000381469727,13.800000190734863,38.108455657958984,0,
 721016,0.37109375,-0.295654296875,-0.822265625,23.231708526611328,63.810977935791016,73.14024353027344,-13.050000190734863,-12.449999809265137,15.149999618530273,38.300148010253906,0,
 721026,0.421630859375,-0.50537109375,-0.7861328125,5.54878044128418,58.14024353027344,62.28658676147461,-14.25,-12.449999809265137,13.649999618530273,37.72507095336914,0,
 721036,0.478515625,-0.550048828125,-0.665283203125,-2.103658676147461,44.48170852661133,49.085365295410156,-13.649999618530273,-11.399999618530273,14.550000190734863,38.06053161621094,0,
 721046,0.537109375,-0.5361328125,-0.6552734375,-0.9756097793579102,32.317073822021484,33.99390411376953,-13.649999618530273,-11.399999618530273,14.550000190734863,38.300148010253906,0,
 721056,0.574951171875,-0.47314453125,-0.638671875,-4.1768293380737305,17.5,15.762195587158203,-13.350000381469727,-12.600000381469727,13.800000190734863,38.395992279052734,0,
 721066,0.588134765625,-0.5537109375,-0.604248046875,8.810976028442383,-1.9512195587158203,-4.45121955871582,-14.100000381469727,-12.149999618530273,12.300000190734863,38.395992279052734,0,
 721076,0.532958984375,-0.47900390625,-0.667236328125,7.042683124542236,-24.908536911010742,-18.231708526611328,-14.850000381469727,-12.600000381469727,14.25,38.108455657958984,0,
 721086,0.52587890625,-0.3818359375,-0.69287109375,0.27439025044441223,-34.17683029174805,-31.58536720275879,-14.25,-12.0,14.399999618530273,38.15637969970703,0,
 721096,0.53564453125,-0.31787109375,-0.717529296875,2.317073106765747,-46.7378044128418,-35.60975646972656,-14.25,-12.0,14.399999618530273,38.25222396850586,0,
 721106,0.560791015625,-0.218505859375,-0.761962890625,-3.8109757900238037,-58.20122146606445,-37.713417053222656,-14.399999618530273,-10.199999809265137,13.5,38.25222396850586,0,
 721116,0.601318359375,-0.18994140625,-0.666748046875,-3.8719513416290283,-69.0243911743164,-42.0121955871582,-13.5,-12.0,13.949999809265137,38.25222396850586,0,
 721126,0.7451171875,-0.229248046875,-0.528564453125,-2.682926893234253,-82.71341705322266,-48.38414764404297,-12.75,-10.800000190734863,14.399999618530273,37.91676330566406,0,
 721136,0.879638671875,-0.310302734375,-0.2978515625,-2.7439024448394775,-106.73780822753906,-48.20122146606445,-12.75,-10.800000190734863,14.399999618530273,38.108455657958984,0,
 721146,1.17041015625,-0.359130859375,-0.170166015625,3.2926828861236572,-137.46951293945312,-36.067073822021484,-11.699999809265137,-11.850000381469727,15.75,38.06053161621094,0,
 721156,1.1357421875,-0.303466796875,-0.284423828125,-24.23780632019043,-170.09146118164062,-17.530488967895508,-12.0,-11.550000190734863,14.399999618530273,38.25222396850586,0,
 721166,0.74267578125,-0.095947265625,-0.248291015625,-47.22561264038086,-223.47561645507812,-1.6768293380737305,-8.699999809265137,-10.949999809265137,11.550000190734863,38.06053161621094,0,
 721176,-3.0283203125,2.469970703125,-4.517578125,-227.28659057617188,-260.8536682128906,2.5609755516052246,-8.699999809265137,-10.949999809265137,11.550000190734863,38.25222396850586,0,
 721186,-3.097412109375,1.085693359375,-2.09814453125,68.53659057617188,-283.81097412109375,-87.13414764404297,-8.100000381469727,-12.75,17.399999618530273,37.96468734741211,0,
 721196,-0.900390625,-1.45263671875,0.493896484375,393.2926940917969,29.207317352294922,-82.34756469726562,-8.100000381469727,-9.300000190734863,15.449999809265137,38.108455657958984,0,
 721206,0.69970703125,-4.149658203125,-2.56982421875,614.51220703125,97.3780517578125,-61.158538818359375,-10.800000190734863,-6.900000095367432,12.149999618530273,38.06053161621094,0,
 721216,-0.14501953125,-1.8095703125,0.126708984375,-189.69512939453125,-23.90243911743164,40.3658561706543,-8.550000190734863,-6.0,10.949999809265137,38.06053161621094,0,
 721226,-0.417724609375,-0.2197265625,-0.82666015625,-270.06097412109375,-119.39024353027344,73.75,-8.550000190734863,-6.0,10.949999809265137,38.06053161621094,0,
 721236,-0.355224609375,-0.0234375,-1.42333984375,-70.45732116699219,72.86585235595703,64.39024353027344,-6.0,-9.899999618530273,13.050000190734863,38.06053161621094,0,
 721246,0.3525390625,-0.367919921875,-0.995361328125,10.396341323852539,129.02439880371094,-8.292682647705078,-7.949999809265137,-9.0,13.800000190734863,38.06053161621094,0,
 721256,0.490966796875,-0.16162109375,-0.5576171875,-150.8841552734375,67.16463470458984,-33.84146499633789,-7.800000190734863,-10.050000190734863,14.699999809265137,38.108455657958984,0,
 721266,0.33642578125,0.165771484375,-1.554931640625,-163.0487823486328,78.17073059082031,17.80487823486328,-7.800000190734863,-10.050000190734863,14.699999809265137,38.25222396850586,0,
 721276,0.195556640625,0.088134765625,-0.682861328125,-37.9878044128418,-7.957317352294922,30.39634132385254,-9.600000381469727,-10.800000190734863,15.149999618530273,37.91676330566406,0,
 721286,0.061279296875,-0.093505859375,-0.9814453125,44.756099700927734,-8.689024925231934,-0.4573170840740204,-10.050000190734863,-11.550000190734863,13.949999809265137,38.300148010253906,0,
 721366,-0.22705078125,-0.399658203125,-1.149169921875,1.8902438879013062,35.88414764404297,-9.359756469726562,-9.149999618530273,-8.25,13.800000190734863,37.96468734741211,0,
 721376,-0.229248046875,-0.499755859375,-1.068603515625,-28.963415145874023,56.34146499633789,-13.32317066192627,-10.050000190734863,-9.600000381469727,11.699999809265137,37.96468734741211,0,
 721386,-0.594482421875,-0.02294921875,-1.665283203125,101.09756469726562,68.14024353027344,-64.39024353027344,-9.449999809265137,-10.649999618530273,15.0,38.06053161621094,0,
 721396,-0.053466796875,-1.004638671875,-0.408447265625,41.95122146606445,120.2743911743164,-48.29268264770508,-10.800000190734863,-10.800000190734863,13.649999618530273,38.108455657958984,0,
 721406,0.64990234375,-0.733642578125,-0.87109375,-148.0792694091797,46.49390411376953,-42.0121955871582,-10.800000190734863,-10.800000190734863,13.649999618530273,38.06053161621094,0,
 721416,0.052978515625,0.1220703125,-1.37646484375,-67.86585235595703,87.59146881103516,7.530488014221191,-12.0,-10.050000190734863,15.449999809265137,37.96468734741211,0,
 721426,0.158447265625,0.03515625,-0.522216796875,-81.34146881103516,136.98170471191406,27.317073822021484,-11.550000190734863,-10.800000190734863,15.149999618530273,38.108455657958984,0,
 721436,0.58251953125,0.32275390625,-1.379638671875,-3.079268455505371,35.88414764404297,12.743903160095215,-13.350000381469727,-9.899999618530273,14.550000190734863,38.15637969970703,0,
 721447,0.1884765625,-0.039794921875,-0.591796875,28.628049850463867,53.29268264770508,33.38414764404297,-13.350000381469727,-9.899999618530273,14.550000190734863,38.15637969970703,0,
 721457,0.351318359375,-0.168212890625,-0.967529296875,-2.317073106765747,52.774391174316406,38.567073822021484,-14.399999618530273,-11.850000381469727,12.300000190734863,38.25222396850586,0,
 721467,0.387939453125,-0.20361328125,-0.76806640625,1.3719512224197388,43.07926940917969,38.59756088256836,-12.149999618530273,-10.949999809265137,14.25,38.06053161621094,0,
 721477,0.38818359375,-0.247802734375,-0.826416015625,20.39634132385254,41.85975646972656,32.713417053222656,-12.600000381469727,-12.600000381469727,13.800000190734863,37.96468734741211,0,
 721487,0.435791015625,-0.4501953125,-0.77099609375,22.012195587158203,34.14634323120117,17.5,-13.350000381469727,-10.949999809265137,14.25,38.300148010253906,0,
 721497,0.4501953125,-0.570068359375,-0.712158203125,-1.8902438879013062,26.158536911010742,3.0487804412841797,-13.350000381469727,-10.949999809265137,14.25,38.108455657958984,0,
 721507,0.50244140625,-0.483154296875,-0.656494140625,1.8292683362960815,9.268292427062988,-8.658536911010742,-12.899999618530273,-12.149999618530273,13.050000190734863,37.96468734741211,0,
 721517,0.5556640625,-0.380126953125,-0.708984375,-3.9634146690368652,-0.6707317233085632,-18.231708526611328,-12.75,-11.25,12.899999618530273,38.395992279052734,0,
 721547,0.434814453125,-0.17919921875,-0.820556640625,-4.969512462615967,-32.378047943115234,-26.707317352294922,-14.25,-13.949999809265137,14.699999809265137,38.108455657958984,0,
 721557,0.4755859375,-0.166259765625,-0.77197265625,0.030487805604934692,-36.310977935791016,-22.83536720275879,-13.800000190734863,-11.25,14.399999618530273,38.15637969970703,0,
 721677,-0.619140625,-0.05322265625,-1.259765625,-245.76220703125,-119.14634704589844,54.024391174316406,-9.449999809265137,-6.300000190734863,11.550000190734863,38.15637969970703,0,
 721687,-0.31201171875,-0.441162109375,-1.151123046875,21.55487823486328,72.53048706054688,36.34146499633789,-7.800000190734863,-8.850000381469727,13.649999618530273,38.300148010253906,0,
 721697,0.41943359375,-0.551513671875,-0.94140625,17.80487823486328,126.09756469726562,-0.8536585569381714,-7.199999809265137,-7.5,13.050000190734863,38.25222396850586,0,
 721707,0.30859375,-0.184326171875,-0.770751953125,-149.14634704589844,66.5243911743164,-20.121952056884766,-7.199999809265137,-7.800000190734863,13.800000190734863,37.96468734741211,0,
 721717,0.199462890625,0.173095703125,-1.34033203125,-126.55487823486328,63.17073440551758,6.5853657722473145,-7.199999809265137,-7.800000190734863,13.800000190734863,37.96468734741211,0,
 721727,0.20703125,-0.0400390625,-0.747802734375,-16.920732498168945,12.286585807800293,16.189023971557617,-9.899999618530273,-10.649999618530273,12.300000190734863,38.395992279052734,0,
 721737,0.067138671875,-0.238037109375,-1.0361328125,42.530487060546875,-17.7439022064209,1.737804889678955,-10.949999809265137,-11.399999618530273,13.5,38.15637969970703,0,
 721747,0.110595703125,-0.442626953125,-0.956787109375,58.04878234863281,-11.585366249084473,-3.47560977935791,-10.5,-9.600000381469727,13.949999809265137,38.06053161621094,0,
 721757,-0.0185546875,-0.421630859375,-1.059326171875,30.609756469726562,-24.969512939453125,0.9146341681480408,-9.149999618530273,-8.699999809265137,13.050000190734863,38.25222396850586,0,
 721767,-0.009033203125,-0.7158203125,-0.963134765625,68.01829528808594,-18.38414764404297,-6.25,-9.149999618530273,-8.699999809265137,13.050000190734863,37.96468734741211,0,
 721777,-0.191162109375,-0.77294921875,-0.914794921875,27.865854263305664,-8.262195587158203,-2.6219513416290283,-10.199999809265137,-7.5,12.0,38.06053161621094,0,
 721787,-0.23486328125,-0.47802734375,-1.068115234375,-38.90243911743164,20.914634704589844,-3.9634146690368652,-10.5,-10.050000190734863,12.149999618530273,38.108455657958984,0,
 721797,0.034912109375,-0.391845703125,-1.0283203125,-59.05487823486328,50.24390411376953,5.27439022064209,-9.600000381469727,-8.850000381469727,12.899999618530273,38.395992279052734,0,
 721807,-0.026123046875,-0.232177734375,-1.206787109375,-2.2560975551605225,33.719512939453125,-4.72560977935791,-9.600000381469727,-8.850000381469727,12.899999618530273,38.06053161621094,0,
 721817,-0.063720703125,-0.49365234375,-0.96142578125,-40.45731735229492,44.1158561706543,-1.8597561120986938,-9.149999618530273,-9.899999618530273,14.25,38.25222396850586,0,
 721827,-0.137939453125,-0.26171875,-1.21142578125,-20.030488967895508,48.353660583496094,-5.609755992889404,-9.449999809265137,-9.449999809265137,14.25,37.96468734741211,0,
 721837,-0.57177734375,-0.286376953125,-1.50048828125,87.95732116699219,70.24390411376953,-44.878047943115234,-9.899999618530273,-10.199999809265137,13.949999809265137,38.06053161621094,0,
 721847,0.12109375,-1.016845703125,-0.38671875,-74.05487823486328,70.06097412109375,-27.65243911743164,-9.899999618530273,-10.199999809265137,13.800000190734863,38.06053161621094,0,
 721857,0.14111328125,-0.35595703125,-1.364990234375,-71.09756469726562,58.567073822021484,-17.591463088989258,-9.899999618530273,-10.199999809265137,13.800000190734863,37.91676330566406,0,
 721867,0.0625,-0.06103515625,-0.86083984375,-56.79878234863281,98.59756469726562,6.707317352294922,-11.399999618530273,-11.399999618530273,13.800000190734863,38.25222396850586,0,
 721877,0.266845703125,-0.009521484375,-0.933837890625,-67.01219940185547,92.1036605834961,-4.847560882568359,-12.75,-10.800000190734863,13.649999618530273,38.06053161621094,0,
 721897,0.28759765625,0.056640625,-0.803955078125,24.725610733032227,42.8658561706543,28.323171615600586,-12.75,-11.25,13.649999618530273,38.108455657958984,0,
 721907,0.19384765625,-0.112060546875,-0.9501953125,3.0182926654815674,57.713417053222656,37.13414764404297,-13.800000190734863,-10.350000381469727,15.899999618530273,38.15637969970703,0,
 721917,0.306396484375,-0.135986328125,-0.872802734375,1.8597561120986938,54.69512176513672,42.560977935791016,-13.649999618530273,-10.050000190734863,14.399999618530273,38.15637969970703,0,
 721927,0.326171875,-0.163818359375,-0.906494140625,25.15243911743164,49.57317352294922,45.030487060546875,-13.350000381469727,-11.399999618530273,13.5,38.300148010253906,0,
 721937,0.2919921875,-0.349853515625,-0.91455078125,13.75,49.969512939453125,42.530487060546875,-13.350000381469727,-11.399999618530273,13.5,38.15637969970703,0,
 721947,0.36083984375,-0.410400390625,-0.788818359375,-8.32317066192627,44.42073440551758,41.03658676147461,-13.350000381469727,-11.399999618530273,13.5,38.25222396850586,0,
 721957,0.42578125,-0.42626953125,-0.802978515625,10.15243911743164,32.682926177978516,32.835365295410156,-12.899999618530273,-10.949999809265137,13.5,37.96468734741211,0,
 721967,0.491943359375,-0.460693359375,-0.688232421875,7.22560977935791,29.817073822021484,20.365854263305664,-13.800000190734863,-11.550000190734863,13.649999618530273,38.15637969970703,0,
 721977,0.50439453125,-0.470458984375,-0.712158203125,3.4146342277526855,18.475610733032227,9.02439022064209,-13.800000190734863,-11.550000190734863,13.649999618530273,38.06053161621094,0,
 721987,0.555419921875,-0.450927734375,-0.64599609375,2.77439022064209,7.987804889678955,-1.2195122241973877,-13.800000190734863,-11.550000190734863,13.649999618530273,38.300148010253906,0,
 721997,0.497802734375,-0.375732421875,-0.700439453125,2.77439022064209,-10.518293380737305,-8.59756088256836,-14.100000381469727,-10.949999809265137,12.75,38.25222396850586,0,
 722007,0.531982421875,-0.313720703125,-0.714599609375,1.920731782913208,-19.7560977935791,-14.817073822021484,-13.649999618530273,-10.949999809265137,15.0,38.06053161621094,0,
 722017,0.478759765625,-0.234130859375,-0.76318359375,-0.3658536672592163,-31.34146499633789,-18.140243530273438,-13.649999618530273,-10.949999809265137,15.0,38.15637969970703,0,
 722027,0.484619140625,-0.20849609375,-0.780517578125,4.054878234863281,-36.6158561706543,-18.658536911010742,-13.649999618530273,-10.949999809265137,15.0,38.15637969970703,0,
 722037,0.528076171875,-0.153076171875,-0.76513671875,0.6707317233085632,-45.88414764404297,-17.042682647705078,-14.25,-12.449999809265137,14.699999809265137,38.25222396850586,0,
 722047,0.61572265625,-0.18798828125,-0.6923828125,10.213415145874023,-57.835365295410156,-17.957317352294922,-12.899999618530273,-9.449999809265137,13.050000190734863,38.15637969970703,0,
 722057,0.796630859375,-0.250244140625,-0.558837890625,7.469512462615967,-71.58536529541016,-17.2560977935791,-13.050000190734863,-12.0,12.149999618530273,37.91676330566406,0,
 722067,0.97021484375,-0.255126953125,-0.348388671875,-3.353658676147461,-94.96951293945312,-9.603658676147461,-13.050000190734863,-12.0,12.149999618530273,38.06053161621094,0,
 722077,1.197021484375,-0.25927734375,-0.13134765625,-38.53658676147461,-122.68292999267578,7.591463565826416,-13.050000190734863,-12.0,12.149999618530273,38.15637969970703,0,
 722087,1.239501953125,-0.21728515625,-0.14599609375,-46.85975646972656,-156.85975646972656,30.64024543762207,-11.699999809265137,-10.949999809265137,13.800000190734863,38.108455657958984,0,
 722097,0.43603515625,0.2890625,-0.38134765625,-24.390243530273438,-231.06707763671875,32.5,-10.050000190734863,-12.449999809265137,16.200000762939453,38.15637969970703,0,
 722107,-3.718017578125,2.4521484375,-5.217041015625,-125.21341705322266,-302.43902587890625,-11.067073822021484,-10.050000190734863,-12.449999809265137,16.200000762939453,38.15637969970703,0,
 722117,-2.507080078125,0.2314453125,-0.883544921875,228.68902587890625,-247.43902587890625,-111.95122528076172,-10.050000190734863,-12.449999809265137,16.200000762939453,38.108455657958984,0,
 722127,-0.649169921875,-1.830078125,0.5341796875,368.20123291015625,34.78658676147461,-103.17073059082031,-8.399999618530273,-7.050000190734863,13.199999809265137,38.06053161621094,0,
 722137,0.590576171875,-4.345703125,-3.27099609375,497.5,135.09146118164062,-56.67683029174805,-8.100000381469727,-5.699999809265137,10.949999809265137,38.06053161621094,0,
 722147,-0.46923828125,-1.20703125,-0.03759765625,-277.80487060546875,-59.54268264770508,76.28048706054688,-5.400000095367432,-7.650000095367432,14.399999618530273,38.25222396850586,0,
 722157,-0.712646484375,-0.468994140625,-0.97314453125,-91.73780822753906,-131.49391174316406,66.89024353027344,-5.400000095367432,-7.650000095367432,14.399999618530273,37.96468734741211,0,
 722167,-0.273681640625,-0.625732421875,-0.86328125,-28.75,99.756103515625,34.69512176513672,-7.5,-9.449999809265137,14.399999618530273,38.15637969970703,0,
 722177,0.32421875,-0.61181640625,-1.132080078125,-30.609756469726562,170.73170471191406,-21.189023971557617,-8.399999618530273,-6.300000190734863,11.550000190734863,38.15637969970703,0,
 722187,0.40380859375,-0.146728515625,-0.639404296875,-191.61585998535156,83.84146881103516,-18.079269409179688,-9.899999618530273,-9.0,12.300000190734863,38.108455657958984,0,
 722197,0.150634765625,0.357421875,-1.399169921875,-214.6341552734375,87.25609588623047,27.408536911010742,-9.899999618530273,-9.0,12.300000190734863,38.25222396850586,0,
 722207,0.152587890625,0.126220703125,-0.733154296875,-53.719512939453125,29.268293380737305,27.164634704589844,-9.149999618530273,-9.0,12.300000190734863,38.300148010253906,0,
 722217,-0.038330078125,-0.260986328125,-1.0908203125,53.78049087524414,4.02439022064209,6.920732021331787,-8.100000381469727,-9.600000381469727,13.199999809265137,38.15637969970703,0,
 722227,-0.021484375,-0.587890625,-0.817626953125,111.58536529541016,-10.70121955871582,1.0670732259750366,-8.399999618530273,-9.449999809265137,13.800000190734863,38.300148010253906,0,
 722237,0.027099609375,-0.61962890625,-1.0576171875,48.44512176513672,1.1280487775802612,-5.8231706619262695,-9.149999618530273,-9.449999809265137,14.25,38.25222396850586,0,
 722248,-0.102294921875,-0.623046875,-0.993896484375,-23.292682647705078,31.43292808532715,-7.256097793579102,-9.149999618530273,-9.449999809265137,14.25,37.91676330566406,0,
 722258,-0.260498046875,-0.47802734375,-1.138916015625,-47.13414764404297,64.26829528808594,-8.90243911743164,-8.850000381469727,-8.850000381469727,13.949999809265137,38.25222396850586,0,
 722268,-0.21923828125,-0.293701171875,-1.11669921875,-59.756099700927734,71.67683410644531,-16.981708526611328,-9.899999618530273,-10.199999809265137,13.800000190734863,38.108455657958984,0,
 722278,-0.75439453125,-0.385498046875,-1.61376953125,113.81098175048828,88.44512176513672,-66.4024429321289,-10.5,-9.600000381469727,13.199999809265137,38.15637969970703,0,
 722288,0.316650390625,-1.190185546875,-0.263916015625,-109.39024353027344,58.93292999267578,-33.44512176513672,-10.5,-9.600000381469727,13.199999809265137,38.15637969970703,0,
 722298,0.093994140625,-0.302978515625,-1.6318359375,-82.25609588623047,48.17073440551758,-33.44512176513672,-9.600000381469727,-10.350000381469727,14.399999618530273,37.77299499511719,0,
 722308,-0.171142578125,-0.058837890625,-0.7646484375,-83.56707763671875,125.0,13.414634704589844,-10.949999809265137,-10.649999618530273,15.300000190734863,38.25222396850586,0,
 722318,0.235595703125,0.109619140625,-1.022216796875,-87.68292999267578,108.65853881835938,-0.7317073345184326,-12.75,-11.25,14.399999618530273,38.25222396850586,0,
 722328,0.410400390625,0.122802734375,-1.023193359375,-37.774391174316406,52.34756088256836,29.573171615600586,-12.0,-10.350000381469727,13.949999809265137,38.300148010253906,0,
 722338,0.264892578125,0.248779296875,-0.797607421875,14.756097793579102,60.33536911010742,43.38414764404297,-12.0,-10.350000381469727,13.949999809265137,38.15637969970703,0,
 722348,0.309326171875,0.06298828125,-0.910888671875,23.59756088256836,56.1280517578125,56.310977935791016,-13.350000381469727,-11.399999618530273,15.0,37.91676330566406,0,
 722358,0.3134765625,-0.044677734375,-0.906494140625,21.707317352294922,55.7621955871582,59.8780517578125,-13.649999618530273,-9.899999618530273,13.5,37.96468734741211,0,
 722368,0.334716796875,-0.1845703125,-0.8466796875,17.68292808532715,62.83536911010742,58.99390411376953,-12.75,-11.25,14.699999809265137,37.96468734741211,0,
 722378,0.49267578125,-0.328857421875,-0.761962890625,23.140243530273438,48.932926177978516,52.80487823486328,-12.75,-11.25,14.699999809265137,38.15637969970703,0,
 722388,0.515625,-0.445068359375,-0.733154296875,31.371952056884766,39.085365295410156,38.75,-12.600000381469727,-12.149999618530273,11.550000190734863,38.108455657958984,0,
 722398,0.59228515625,-0.572509765625,-0.658203125,21.0060977935791,24.542682647705078,14.634146690368652,-14.25,-10.350000381469727,13.949999809265137,37.91676330566406,0,
 722408,0.494384765625,-0.655029296875,-0.610595703125,12.62195110321045,9.054878234863281,-6.219512462615967,-13.350000381469727,-10.649999618530273,14.25,38.300148010253906,0,
 722418,0.379638671875,-0.50830078125,-0.7802734375,0.9146341681480408,-4.146341323852539,-18.93292808532715,-13.649999618530273,-11.850000381469727,13.800000190734863,38.25222396850586,0,
 722428,0.38427734375,-0.29638671875,-0.85986328125,-8.658536911010742,-6.5853657722473145,-23.75,-13.649999618530273,-11.850000381469727,13.800000190734863,38.15637969970703,0,
 722438,0.3203125,-0.149169921875,-0.94482421875,-7.77439022064209,-16.310976028442383,-20.762195587158203,-13.649999618530273,-10.949999809265137,13.5,38.06053161621094,0,
 722448,0.373046875,-0.09375,-0.90478515625,-1.0670732259750366,-14.054878234863281,-14.268293380737305,-12.75,-12.0,13.949999809265137,37.96468734741211,0,
 722458,0.400634765625,-0.092529296875,-0.845947265625,-1.1585365533828735,-18.140243530273438,-7.621951580047607,-12.899999618530273,-11.399999618530273,14.25,37.868839263916016,0,
 722468,0.44775390625,-0.1748046875,-0.799072265625,8.90243911743164,-22.957317352294922,0.5487805008888245,-12.899999618530273,-11.399999618530273,14.25,38.395992279052734,0,
 722488,0.654296875,-0.257080078125,-0.63037109375,8.109756469726562,-39.42073440551758,5.762195110321045,-11.550000190734863,-11.550000190734863,9.899999618530273,38.108455657958984,0,
 722498,0.90478515625,-0.320068359375,-0.476806640625,8.47560977935791,-55.42683029174805,4.603658676147461,-13.5,-11.550000190734863,13.199999809265137,37.91676330566406,0,
 722508,1.14013671875,-0.325439453125,-0.249267578125,-11.859756469726562,-83.96341705322266,7.804878234863281,-13.5,-10.800000190734863,12.899999618530273,38.25222396850586,0,
 722518,1.277099609375,-0.279296875,-0.05615234375,-46.7378044128418,-117.80487823486328,21.371952056884766,-13.5,-10.800000190734863,12.899999618530273,37.96468734741211,0,
 722528,1.271728515625,-0.194091796875,-0.140869140625,-68.20121765136719,-153.99391174316406,43.04878234863281,-9.449999809265137,-11.399999618530273,14.25,38.108455657958984,0,
 722538,0.87939453125,-0.2744140625,-0.11767578125,-48.6280517578125,-221.8292694091797,47.0121955871582,-10.5,-12.0,14.699999809265137,38.25222396850586,0,
 722548,-0.939697265625,1.201416015625,-2.208984375,-82.07317352294922,-266.1585388183594,36.128047943115234,-7.349999904632568,-12.75,16.200000762939453,37.91676330566406,0,
 722558,-3.518798828125,1.8232421875,-4.267578125,-50.60975646972656,-430.3658752441406,-121.67683410644531,-7.349999904632568,-12.75,16.200000762939453,38.25222396850586,0,
 722568,-1.83984375,-0.721435546875,0.49462890625,381.493896484375,-59.024391174316406,-110.48780822753906,-5.25,-9.0,12.300000190734863,38.25222396850586,0,
 722578,0.14697265625,-2.25341796875,-0.780029296875,470.6707458496094,55.4878044128418,-77.3780517578125,-7.050000190734863,-4.5,12.149999618530273,38.395992279052734,0,
 722588,-0.220703125,-3.04541015625,-0.9697265625,117.6524429321289,36.158538818359375,0.09146341681480408,-6.300000190734863,-3.299999952316284,10.949999809265137,38.25222396850586,0,
 722708,-0.181884765625,-0.43408203125,-1.0703125,-40.4878044128418,41.34146499633789,-2.6524391174316406,-6.599999904632568,-9.600000381469727,13.949999809265137,38.108455657958984,0,
 722718,-0.257568359375,-0.438232421875,-1.149658203125,-51.310977935791016,58.44512176513672,-2.22560977935791,-6.300000190734863,-9.600000381469727,14.399999618530273,38.108455657958984,0,
 722728,-0.2109375,-0.340087890625,-1.1650390625,-48.963417053222656,70.70121765136719,-9.054878234863281,-7.349999904632568,-12.0,14.699999809265137,38.15637969970703,0,
 722738,-0.645263671875,-0.131103515625,-1.632568359375,38.29268264770508,59.664634704589844,-51.006099700927734,-7.349999904632568,-12.0,14.699999809265137,37.96468734741211,0,
 722748,-1.09716796875,-0.725341796875,-1.336181640625,207.07318115234375,132.59146118164062,-116.4024429321289,-7.949999809265137,-9.449999809265137,13.050000190734863,38.300148010253906,0,
 722758,0.6181640625,-1.8984375,0.373779296875,-210.97561645507812,80.9756088256836,-32.5,-8.699999809265137,-9.0,14.550000190734863,38.300148010253906,0,
 722768,0.199951171875,-0.1640625,-2.00244140625,-164.02439880371094,61.82926940917969,-38.414634704589844,-10.649999618530273,-10.949999809265137,13.050000190734863,38.15637969970703,0,
 722778,-0.244384765625,0.18017578125,-0.653076171875,-157.98780822753906,151.6768341064453,60.51829528808594,-10.649999618530273,-10.949999809265137,13.050000190734863,38.108455657958984,0,
 722788,0.306640625,0.238037109375,-0.501708984375,-117.34756469726562,196.64634704589844,69.32926940917969,-13.800000190734863,-12.75,14.399999618530273,37.91676330566406,0,
 722798,0.796142578125,0.711669921875,-1.79296875,-29.7560977935791,50.213417053222656,37.43902587890625,-11.550000190734863,-14.399999618530273,12.899999618530273,38.06053161621094,0,
 722808,0.20751953125,0.213134765625,-0.406005859375,0.6402438879013062,70.30487823486328,70.9756088256836,-12.600000381469727,-11.399999618530273,15.0,38.108455657958984,0,
 722818,0.310302734375,0.329345703125,-0.95703125,67.46951293945312,70.79268646240234,90.36585235595703,-12.600000381469727,-12.600000381469727,15.75,38.06053161621094,0,
 722828,0.482421875,0.00341796875,-0.8193359375,60.64024353027344,65.8536605834961,86.15853881835938,-12.600000381469727,-12.600000381469727,15.75,37.96468734741211,0,
 722838,0.464111328125,-0.238525390625,-0.853759765625,34.35975646972656,63.53658676147461,73.87195587158203,-12.300000190734863,-11.550000190734863,14.699999809265137,38.06053161621094,0,
 722848,0.550048828125,-0.37548828125,-0.662841796875,35.51829528808594,43.10975646972656,67.56097412109375,-12.600000381469727,-11.399999618530273,14.25,38.06053161621094,0,
 722858,0.62109375,-0.515625,-0.626708984375,81.18902587890625,26.43292808532715,43.84146499633789,-12.0,-12.0,13.949999809265137,38.15637969970703,0,
 722868,0.5029296875,-0.85791015625,-0.58740234375,55.18292999267578,17.073171615600586,-1.0365853309631348,-12.0,-12.0,13.949999809265137,38.15637969970703,0,
 722878,0.58642578125,-0.66015625,-0.609130859375,-14.939024925231934,-0.09146341681480408,-15.304878234863281,-12.600000381469727,-13.050000190734863,14.550000190734863,38.15637969970703,0,
 722888,0.44384765625,-0.67626953125,-0.671142578125,14.756097793579102,-31.859756469726562,-31.09756088256836,-13.5,-10.800000190734863,13.649999618530273,37.91676330566406,0,
 722898,0.46484375,-0.41455078125,-0.77001953125,-15.82317066192627,-31.43292808532715,-47.164634704589844,-11.399999618530273,-9.899999618530273,9.75,38.108455657958984,0,
 722908,0.390869140625,-0.164794921875,-0.84619140625,-31.615854263305664,-45.82317352294922,-51.55487823486328,-12.600000381469727,-10.199999809265137,15.0,38.06053161621094,0,
 722918,0.43310546875,-0.030517578125,-0.875244140625,-21.463415145874023,-46.219512939453125,-40.39634323120117,-12.600000381469727,-10.199999809265137,15.0,38.15637969970703,0,
 722928,0.48291015625,0.018798828125,-0.853759765625,-13.414634704589844,-50.3658561706543,-25.88414764404297,-12.300000190734863,-10.800000190734863,14.699999809265137,38.300148010253906,0,
 722938,0.6171875,-0.000732421875,-0.68408203125,-15.70121955871582,-58.38414764404297,-17.19512176513672,-12.899999618530273,-14.25,14.550000190734863,38.06053161621094,0,
 722948,0.84130859375,-0.046875,-0.5322265625,-21.890243530273438,-74.26829528808594,-7.77439022064209,-11.25,-10.350000381469727,15.149999618530273,37.91676330566406,0,
 722958,1.025634765625,-0.1376953125,-0.3232421875,-11.341464042663574,-100.51829528808594,8.993902206420898,-11.25,-10.350000381469727,15.149999618530273,38.06053161621094,0,
 722968,1.242431640625,-0.205322265625,-0.204345703125,-18.5060977935791,-128.506103515625,30.33536720275879,-10.199999809265137,-13.050000190734863,14.550000190734863,38.15637969970703,0,
 722978,1.10498046875,-0.22412109375,-0.125244140625,-43.01829528808594,-184.0853729248047,48.29268264770508,-9.899999618530273,-12.600000381469727,13.800000190734863,38.06053161621094,0,
 722988,0.797119140625,-0.291259765625,-0.22607421875,-23.292682647705078,-244.2073211669922,47.28658676147461,-8.850000381469727,-12.75,15.149999618530273,38.300148010253906,0,
 722998,-0.56494140625,1.098388671875,-1.348876953125,-16.036584854125977,-280.4878234863281,36.432926177978516,-5.699999809265137,-10.949999809265137,12.75,38.06053161621094,0,
 723008,-3.939453125,2.273193359375,-4.833984375,-87.80487823486328,-404.756103515625,-95.1524429321289,-5.699999809265137,-10.949999809265137,12.75,38.108455657958984,0,
 723018,-1.982177734375,-0.767822265625,0.389404296875,403.5975646972656,-95.21341705322266,-140.1829376220703,-3.75,-10.649999618530273,13.5,38.300148010253906,0,
 723028,-0.147216796875,-2.119873046875,-0.47119140625,392.5914611816406,53.414634704589844,-103.4756088256836,-6.0,-5.099999904632568,10.5,38.300148010253906,0,
 723038,-0.560791015625,-3.547607421875,-1.519287109375,278.993896484375,43.01829528808594,-29.908536911010742,-2.8499999046325684,-5.699999809265137,10.199999809265137,38.06053161621094,0,
 723048,-0.652099609375,-1.318603515625,0.08935546875,-185.6707305908203,-145.8841552734375,79.75609588623047,-2.8499999046325684,-5.699999809265137,10.199999809265137,38.25222396850586,0,
 723058,-0.924560546875,-0.265869140625,-0.901611328125,-176.06707763671875,8.62804889678955,39.54268264770508,-3.0,-9.899999618530273,13.800000190734863,38.108455657958984,0,
 723069,-0.041015625,-1.014404296875,-0.989501953125,72.46951293945312,159.48170471191406,13.384146690368652,-3.9000000953674316,-9.600000381469727,12.899999618530273,38.06053161621094,0,
 723079,0.26318359375,-0.2705078125,-0.8369140625,-176.5853729248047,151.21951293945312,20.487804412841797,-5.400000095367432,-10.350000381469727,15.449999809265137,38.300148010253906,0,
 723089,0.572509765625,0.18115234375,-0.8271484375,-314.51220703125,118.99390411376953,25.365854263305664,-3.5999999046325684,-11.550000190734863,15.899999618530273,37.91676330566406,0,
 723099,0.28466796875,0.604248046875,-1.256103515625,-239.66464233398438,137.01219177246094,64.93902587890625,-3.5999999046325684,-11.550000190734863,15.899999618530273,38.06053161621094,0,
 723109,0.340087890625,0.32421875,-0.608642578125,-85.33536529541016,33.04878234863281,23.658536911010742,-6.300000190734863,-14.399999618530273,14.699999809265137,38.108455657958984,0,
 723119,0.068359375,-0.038330078125,-1.024169921875,73.81097412109375,-2.987804889678955,8.780488014221191,-5.849999904632568,-12.0,15.149999618530273,38.300148010253906,0,
 723129,-0.083984375,-0.4560546875,-1.08642578125,182.6829376220703,-16.524391174316406,-0.21341463923454285,-6.599999904632568,-12.0,15.149999618530273,38.25222396850586,0,
 723139,-0.236083984375,-0.557373046875,-1.098388671875,140.03048706054688,-37.0121955871582,-23.170732498168945,-6.599999904632568,-12.0,15.149999618530273,38.06053161621094,0,
 723149,-0.333984375,-0.535888671875,-1.154296875,31.676830291748047,-19.329269409179688,-36.98170852661133,-4.5,-10.649999618530273,15.300000190734863,38.15637969970703,0,
 723159,-1.7138671875,-0.519775390625,-2.333740234375,62.68292999267578,4.603658676147461,-39.29878234863281,-4.5,-11.399999618530273,15.0,38.395992279052734,0,
 723169,0.21337890625,-2.3427734375,1.089599609375,-83.32317352294922,159.84756469726562,-23.9939022064209,-6.0,-8.699999809265137,14.550000190734863,38.395992279052734,0,
 723179,0.199462890625,-0.652099609375,-1.613525390625,-243.1707305908203,58.23170852661133,-92.74390411376953,-6.449999809265137,-8.699999809265137,14.25,37.96468734741211,0,
 723199,0.056396484375,-0.026123046875,-0.352783203125,-131.5548858642578,172.1341552734375,34.2378044128418,-9.149999618530273,-9.449999809265137,14.25,38.25222396850586,0,
 723209,0.201904296875,0.638671875,-1.58984375,-35.15243911743164,113.29268646240234,-14.969512939453125,-9.149999618530273,-12.600000381469727,12.0,38.15637969970703,0,
 723219,0.374267578125,0.026611328125,-0.654296875,-40.030487060546875,83.4756088256836,10.487805366516113,-11.399999618530273,-12.149999618530273,14.25,38.25222396850586,0,
 723229,0.516357421875,0.28369140625,-0.854736328125,9.481707572937012,63.93292999267578,26.73780632019043,-11.399999618530273,-12.149999618530273,14.25,38.108455657958984,0,
 723239,0.422119140625,0.114013671875,-0.748291015625,36.89024353027344,64.11585235595703,32.560977935791016,-12.0,-12.0,15.149999618530273,37.96468734741211,0,
 723249,0.4765625,-0.03662109375,-0.755126953125,45.60975646972656,41.82926940917969,27.317073822021484,-12.0,-12.449999809265137,15.149999618530273,37.96468734741211,0,
 723259,0.388671875,-0.2216796875,-0.731201171875,53.44512176513672,38.75,23.414634704589844,-11.550000190734863,-12.0,13.649999618530273,38.15637969970703,0,
 723269,0.50048828125,-0.39599609375,-0.744140625,35.82316970825195,40.4878044128418,15.54878044128418,-12.600000381469727,-11.399999618530273,14.25,38.15637969970703,0,
 723279,0.540771484375,-0.524169921875,-0.6796875,19.969512939453125,20.914634704589844,0.3048780560493469,-11.699999809265137,-9.449999809265137,14.25,37.96468734741211,0,
 723289,0.41162109375,-0.522705078125,-0.73193359375,15.670732498168945,10.82317066192627,-7.652439117431641,-11.550000190734863,-12.449999809265137,14.699999809265137,38.25222396850586,0,
 723299,0.3955078125,-0.517578125,-0.744140625,8.536585807800293,-0.21341463923454285,-17.530488967895508,-12.149999618530273,-10.949999809265137,13.5,38.06053161621094,0,
 723309,0.3076171875,-0.484619140625,-0.831787109375,3.7804877758026123,-6.341463565826416,-22.317073822021484,-11.550000190734863,-12.449999809265137,12.149999618530273,38.25222396850586,0,
 723319,0.269287109375,-0.439453125,-0.903076171875,-4.1768293380737305,-9.695121765136719,-23.810976028442383,-11.550000190734863,-12.449999809265137,12.149999618530273,38.06053161621094,0,
 723329,0.295654296875,-0.201171875,-0.9365234375,-6.737804889678955,-7.77439022064209,-21.310976028442383,-11.699999809265137,-10.649999618530273,15.0,37.96468734741211,0,
 723339,0.30078125,-0.120849609375,-0.93115234375,-7.865853786468506,-12.987805366516113,-15.82317066192627,-12.149999618530273,-11.850000381469727,14.25,38.108455657958984,0,
 723349,0.40576171875,-0.105224609375,-0.84814453125,-5.121951103210449,-11.79878044128418,-9.542683601379395,-12.600000381469727,-12.149999618530273,14.25,38.108455657958984,0,
 723359,0.444091796875,-0.10791015625,-0.78564453125,-6.79878044128418,-20.85365867614746,-5.060975551605225,-12.600000381469727,-12.149999618530273,14.25,38.06053161621094,0,
 723369,0.5146484375,-0.211181640625,-0.738525390625,10.518293380737305,-27.19512176513672,1.0670732259750366,-13.350000381469727,-12.149999618530273,14.25,38.25222396850586,0,
 723379,0.55859375,-0.223876953125,-0.677978515625,2.6524391174316406,-37.5,1.4939024448394775,-11.699999809265137,-11.399999618530273,15.0,37.96468734741211,0,
 723409,1.1767578125,-0.24462890625,-0.195068359375,-21.189023971557617,-107.56098175048828,5.121951103210449,-11.399999618530273,-10.949999809265137,15.0,38.300148010253906,0,
 723419,1.34716796875,-0.213134765625,-0.10693359375,-50.335365295410156,-148.84146118164062,17.408536911010742,-11.399999618530273,-13.050000190734863,15.0,38.06053161621094,0,
 723429,0.723876953125,0.310302734375,-0.238037109375,-52.3780517578125,-202.19512939453125,36.49390411376953,-8.699999809265137,-13.800000190734863,15.75,38.25222396850586,0,
 723439,-2.5205078125,2.45654296875,-4.025390625,-143.8719482421875,-275.6402587890625,1.6158536672592163,-9.149999618530273,-14.25,15.300000190734863,38.300148010253906,0,
 723449,-2.61279296875,0.467041015625,-1.619873046875,178.10975646972656,-284.6341552734375,-117.16463470458984,-9.149999618530273,-14.25,15.300000190734863,38.108455657958984,0,
 723459,-0.898193359375,-1.3642578125,0.191162109375,350.2743835449219,26.524391174316406,-99.42073059082031,-7.349999904632568,-9.600000381469727,13.649999618530273,38.25222396850586,0,
 723469,0.526123046875,-3.816650390625,-3.08447265625,576.3719482421875,74.81707763671875,-95.2743911743164,-7.949999809265137,-4.650000095367432,10.800000190734863,38.25222396850586,0,
 723479,-0.47412109375,-1.669921875,0.08203125,-173.6280517578125,-87.1036605834961,56.6158561706543,-4.949999809265137,-7.800000190734863,12.75,37.72507095336914,0,
 723489,-0.575927734375,-0.30859375,-1.009521484375,-161.76829528808594,-157.31707763671875,47.65243911743164,-4.199999809265137,-7.800000190734863,13.800000190734863,38.15637969970703,0,
 723499,-0.51708984375,-0.92431640625,-0.718505859375,49.817073822021484,57.103660583496094,24.207317352294922,-4.199999809265137,-7.800000190734863,13.800000190734863,37.96468734741211,0,
 723509,0.185302734375,-0.91259765625,-1.008544921875,14.664634704589844,152.6829376220703,-1.8597561120986938,-7.199999809265137,-7.800000190734863,13.5,37.91676330566406,0,
 723519,0.329345703125,-0.343017578125,-0.724609375,-198.65853881835938,102.2256088256836,-8.109756469726562,-6.599999904632568,-10.050000190734863,12.899999618530273,38.300148010253906,0,
 723529,0.10302734375,0.109130859375,-1.26318359375,-235.27439880371094,78.84146881103516,20.0,-7.349999904632568,-10.800000190734863,15.899999618530273,37.91676330566406,0,
 723539,0.130615234375,0.1328125,-0.865966796875,-98.53659057617188,54.26829528808594,23.44512176513672,-7.349999904632568,-10.800000190734863,15.899999618530273,38.25222396850586,0,
 723549,0.154541015625,-0.114013671875,-1.035888671875,-8.59756088256836,25.609756469726562,6.341463565826416,-7.5,-12.600000381469727,16.049999237060547,38.44391632080078,0,
 723559,-0.15576171875,-0.337158203125,-1.15673828125,104.39024353027344,-14.02439022064209,-0.12195122241973877,-7.800000190734863,-9.600000381469727,13.199999809265137,38.25222396850586,0,
 723569,-0.12841796875,-0.72412109375,-0.943359375,138.23170471191406,-29.54268455505371,-16.189023971557617,-8.850000381469727,-8.850000381469727,15.899999618530273,38.06053161621094,0,
 723579,-0.244873046875,-0.75537109375,-1.13037109375,22.469512939453125,14.420732498168945,-12.896341323852539,-6.449999809265137,-9.449999809265137,13.050000190734863,38.06053161621094,0,
 723619,0.38232421875,-1.214111328125,-0.013916015625,-113.14024353027344,71.85975646972656,-22.164634704589844,-8.399999618530273,-9.899999618530273,11.25,38.25222396850586,0,
 723629,0.33056640625,-0.2431640625,-1.6279296875,-83.50609588623047,25.975610733032227,-39.69512176513672,-8.399999618530273,-9.899999618530273,11.25,38.25222396850586,0,
 723639,-0.23193359375,0.055419921875,-0.80517578125,-33.01829528808594,106.006103515625,3.567073345184326,-9.600000381469727,-10.350000381469727,15.899999618530273,38.25222396850586,0,
 723649,0.296875,-0.0791015625,-0.931396484375,-70.76219940185547,93.04878234863281,6.829268455505371,-11.25,-9.600000381469727,14.399999618530273,38.25222396850586,0,
 723659,0.271240234375,0.008056640625,-1.070068359375,-50.57926940917969,70.9756088256836,3.1097562313079834,-11.699999809265137,-10.649999618530273,13.800000190734863,38.300148010253906,0,
 723669,0.357666015625,0.033203125,-0.80126953125,-3.353658676147461,52.13414764404297,14.29878044128418,-12.300000190734863,-12.449999809265137,13.199999809265137,37.91676330566406,0,
 723679,0.333251953125,-0.03173828125,-0.843994140625,24.268293380737305,46.067073822021484,19.329269409179688,-12.300000190734863,-12.449999809265137,13.199999809265137,38.25222396850586,0,
 723689,0.3642578125,-0.181396484375,-0.82666015625,5.396341800689697,40.82317352294922,20.579269409179688,-12.300000190734863,-11.25,13.649999618530273,38.15637969970703,0,
 723699,0.36328125,-0.171630859375,-0.83203125,13.04878044128418,38.2621955871582,21.829269409179688,-11.550000190734863,-12.0,15.449999809265137,38.15637969970703,0,
 723709,0.3486328125,-0.233642578125,-0.90087890625,20.88414764404297,34.78658676147461,18.567073822021484,-12.149999618530273,-10.649999618530273,14.25,38.300148010253906,0,
 723729,0.34521484375,-0.368408203125,-0.823486328125,1.1280487775802612,24.45121955871582,13.689024925231934,-12.899999618530273,-10.649999618530273,15.300000190734863,38.108455657958984,0,
 723739,0.314453125,-0.331298828125,-0.86474609375,11.067073822021484,16.128049850463867,9.085366249084473,-12.600000381469727,-11.399999618530273,15.0,38.15637969970703,0,
 723749,0.31982421875,-0.40478515625,-0.853759765625,11.219511985778809,12.865854263305664,-0.060975611209869385,-12.300000190734863,-10.350000381469727,14.699999809265137,38.300148010253906,0,
 723759,0.36376953125,-0.44091796875,-0.80615234375,0.09146341681480408,3.628048896789551,-3.353658676147461,-11.25,-10.050000190734863,13.649999618530273,38.25222396850586,0,
 723769,0.3857421875,-0.347900390625,-0.810546875,1.25,-2.896341562271118,-4.847560882568359,-11.25,-10.050000190734863,13.649999618530273,37.868839263916016,0,
 723779,0.406494140625,-0.28466796875,-0.812744140625,-2.0426828861236572,-8.20121955871582,-5.030488014221191,-12.899999618530273,-11.399999618530273,15.75,38.300148010253906,0,
 723789,0.46240234375,-0.156005859375,-0.79150390625,0.5182926654815674,-15.54878044128418,-2.987804889678955,-11.699999809265137,-11.399999618530273,15.300000190734863,38.108455657958984,0,
 723799,0.527587890625,-0.158447265625,-0.77392578125,4.6646342277526855,-22.408536911010742,-0.4268292784690857,-12.75,-11.550000190734863,14.399999618530273,38.15637969970703,0,
 723809,0.499755859375,-0.142578125,-0.78466796875,4.481707572937012,-35.30487823486328,2.7134146690368652,-12.75,-11.550000190734863,14.399999618530273,38.15637969970703,0,
 723819,0.593017578125,-0.21728515625,-0.666748046875,10.70121955871582,-45.0,3.6890244483947754,-12.149999618530273,-9.449999809265137,11.550000190734863,38.06053161621094,0,
 723829,0.80078125,-0.218505859375,-0.56689453125,-0.5487805008888245,-60.274391174316406,8.231707572937012,-12.600000381469727,-11.850000381469727,13.5,38.06053161621094,0,
 723839,0.981689453125,-0.20361328125,-0.386962890625,-12.195121765136719,-87.46951293945312,16.463415145874023,-10.800000190734863,-10.800000190734863,15.149999618530273,38.15637969970703,0,
 723849,1.1484375,-0.15380859375,-0.262451171875,-33.14024353027344,-120.1524429321289,32.92683029174805,-10.050000190734863,-12.0,14.699999809265137,38.06053161621094,0,
 723860,1.11865234375,-0.06689453125,-0.233642578125,-49.1158561706543,-164.2073211669922,57.0121955871582,-10.050000190734863,-12.0,14.699999809265137,38.15637969970703,0,
 723870,0.08251953125,0.571044921875,-0.8134765625,-28.59756088256836,-215.3048858642578,58.75,-9.149999618530273,-11.399999618530273,14.550000190734863,38.15637969970703,0,
 723880,-2.8955078125,1.890625,-3.537353515625,-32.07316970825195,-284.9085388183594,23.109756469726562,-6.75,-12.600000381469727,16.799999237060547,38.06053161621094,0,
 723890,-1.77587890625,-0.275146484375,-0.83154296875,290.243896484375,-170.4268341064453,-84.66463470458984,-6.300000190734863,-11.550000190734863,13.649999618530273,38.108455657958984,0,
 723900,-0.39697265625,-1.57861328125,-1.0908203125,339.32928466796875,24.664634704589844,-91.03659057617188,-6.300000190734863,-11.550000190734863,13.649999618530273,38.395992279052734,0,
 723910,-0.215087890625,-2.885009765625,-1.41162109375,302.743896484375,-44.78658676147461,-30.85365867614746,-5.699999809265137,-6.599999904632568,12.0,38.300148010253906,0,
 723920,-0.794189453125,-1.419677734375,-0.3720703125,-63.01829528808594,-112.83536529541016,39.908538818359375,-6.449999809265137,-6.300000190734863,12.0,37.96468734741211,0,
 723930,-0.843017578125,-0.64453125,-0.860107421875,-107.95732116699219,-41.55487823486328,14.634146690368652,-3.299999952316284,-9.899999618530273,10.800000190734863,38.06053161621094,0,
 723940,-0.118896484375,-1.354248046875,-0.939697265625,59.5121955871582,106.25,4.0853657722473145,-4.349999904632568,-9.300000190734863,12.449999809265137,38.587684631347656,0,
 723950,0.054931640625,-0.804443359375,-0.669921875,-105.33536529541016,104.78659057617188,9.17682933807373,-4.349999904632568,-9.300000190734863,12.449999809265137,38.25222396850586,0,
 723960,0.179443359375,-0.07763671875,-0.83544921875,-263.3536682128906,88.38414764404297,25.70121955871582,-6.0,-9.0,15.0,38.300148010253906,0,
 723970,0.237548828125,0.35693359375,-1.373291015625,-222.8048858642578,120.8536605834961,54.1158561706543,-5.849999904632568,-10.350000381469727,13.949999809265137,37.91676330566406,0,
 723980,0.300048828125,0.34521484375,-0.857421875,-145.03048706054688,60.7621955871582,31.676830291748047,-6.599999904632568,-10.800000190734863,15.449999809265137,38.06053161621094,0,
 723990,0.039794921875,0.078125,-0.9697265625,-12.77439022064209,15.609756469726562,1.737804889678955,-6.599999904632568,-10.800000190734863,15.449999809265137,38.06053161621094,0,
 724000,-0.03662109375,-0.43212890625,-1.05908203125,149.84756469726562,-5.030488014221191,-0.18292683362960815,-6.300000190734863,-12.449999809265137,13.199999809265137,38.25222396850586,0,
 724010,-0.10986328125,-0.73779296875,-0.95703125,128.6280517578125,-13.689024925231934,-11.79878044128418,-6.75,-10.199999809265137,14.25,38.06053161621094,0,
 724030,-0.0751953125,-0.5615234375,-1.0166015625,-0.12195122241973877,37.5,-1.432926893234253,-4.199999809265137,-12.149999618530273,12.0,38.15637969970703,0,
 724040,-0.3828125,-0.224609375,-1.19482421875,-18.780488967895508,44.085365295410156,-4.1768293380737305,-4.199999809265137,-12.149999618530273,12.0,37.96468734741211,0,
 724050,-1.05322265625,-0.60302734375,-1.378662109375,-31.676830291748047,46.89024353027344,-42.95731735229492,-7.199999809265137,-9.0,14.25,38.300148010253906,0,
 724060,0.6650390625,-1.692626953125,0.853759765625,141.15853881835938,155.06097412109375,-97.7743911743164,-7.949999809265137,-9.0,13.800000190734863,38.300148010253906,0,
 724070,0.575927734375,0.085693359375,-2.517333984375,-228.506103515625,106.85975646972656,-8.109756469726562,-9.449999809265137,-10.949999809265137,15.0,38.395992279052734,0,
 724080,-0.158203125,0.175048828125,-0.4287109375,-122.1036605834961,118.20122528076172,33.14024353027344,-9.449999809265137,-10.949999809265137,15.0,38.15637969970703,0,
 724090,0.260986328125,0.37744140625,-0.7265625,-19.45121955871582,131.8292694091797,43.20122146606445,-9.600000381469727,-10.800000190734863,15.449999809265137,38.25222396850586,0,
 724100,0.70751953125,0.20068359375,-1.13330078125,1.3109756708145142,46.524391174316406,15.853658676147461,-10.949999809265137,-12.149999618530273,15.0,38.15637969970703,0,
 724110,0.339111328125,0.072509765625,-0.750244140625,24.69512176513672,50.42683029174805,33.07926940917969,-12.899999618530273,-11.399999618530273,13.800000190734863,38.108455657958984,0,
 724120,0.376953125,-0.044189453125,-0.750244140625,31.40243911743164,48.414634704589844,35.39634323120117,-12.300000190734863,-11.25,13.649999618530273,37.91676330566406,0,
 724130,0.519287109375,-0.14990234375,-0.7880859375,28.109756469726562,37.28658676147461,34.84756088256836,-10.5,-12.449999809265137,12.449999809265137,38.25222396850586,0,
 724140,0.59521484375,-0.266357421875,-0.64501953125,15.579268455505371,17.83536720275879,31.768293380737305,-11.25,-12.0,14.699999809265137,38.15637969970703,0,
 724150,0.627685546875,-0.323486328125,-0.6943359375,24.908536911010742,0.27439025044441223,24.84756088256836,-11.699999809265137,-12.600000381469727,14.550000190734863,38.06053161621094,0,
 724160,0.56884765625,-0.434326171875,-0.64697265625,34.908538818359375,-11.79878044128418,9.786585807800293,-11.550000190734863,-11.550000190734863,15.449999809265137,38.06053161621094,0,
 724170,0.586669921875,-0.5126953125,-0.618408203125,15.731707572937012,-29.664634704589844,-11.585366249084473,-11.550000190734863,-11.550000190734863,15.449999809265137,37.96468734741211,0,
 724180,0.501708984375,-0.53369140625,-0.63330078125,11.768293380737305,-47.3780517578125,-14.634146690368652,-11.25,-11.25,13.649999618530273,37.96468734741211,0,
 724190,0.447509765625,-0.48193359375,-0.724609375,-5.152439117431641,-58.2621955871582,-18.5060977935791,-11.699999809265137,-10.949999809265137,15.0,37.96468734741211,0,
 724200,0.520263671875,-0.33203125,-0.6943359375,-15.670732498168945,-73.29268646240234,-19.512195587158203,-10.949999809265137,-10.649999618530273,15.0,38.300148010253906,0,
 724210,0.661865234375,-0.2109375,-0.671142578125,-15.792683601379395,-95.36585235595703,-11.585366249084473,-10.949999809265137,-10.649999618530273,15.0,37.91676330566406,0,
 724220,0.75390625,-0.140380859375,-0.56689453125,-34.603660583496094,-117.04268646240234,2.195122003555298,-9.600000381469727,-12.449999809265137,14.399999618530273,38.108455657958984,0,
 724230,0.884765625,-0.107177734375,-0.484130859375,-39.024391174316406,-142.74391174316406,26.067073822021484,-8.550000190734863,-10.050000190734863,12.449999809265137,38.108455657958984,0,
 724240,-0.21533203125,0.748291015625,-1.1533203125,-35.42683029174805,-186.34146118164062,31.219512939453125,-8.699999809265137,-13.350000381469727,15.0,37.96468734741211,0,
 724250,-2.30419921875,1.612060546875,-3.092529296875,-13.62804889678955,-242.34756469726562,-17.073171615600586,-7.800000190734863,-13.199999809265137,15.899999618530273,38.300148010253906,0,
 724260,-1.503662109375,-0.26953125,-0.772705078125,272.31707763671875,-86.85975646972656,-63.810977935791016,-7.800000190734863,-13.199999809265137,15.899999618530273,38.108455657958984,0,
 724270,-0.16455078125,-1.6201171875,-1.32568359375,360.243896484375,24.29878044128418,-85.94512176513672,-6.599999904632568,-7.650000095367432,12.149999618530273,38.108455657958984,0,
 724280,-0.12060546875,-2.2939453125,-0.84765625,245.2134246826172,-76.4024429321289,-25.579269409179688,-7.349999904632568,-5.25,13.199999809265137,38.108455657958984,0,
 724290,-0.71484375,-1.2744140625,-0.53173828125,-41.310977935791016,-86.09756469726562,14.786585807800293,-4.5,-5.400000095367432,12.0,38.108455657958984,0,
 724300,-0.619384765625,-0.66943359375,-1.064697265625,-96.67683410644531,-17.530488967895508,13.079268455505371,-4.5,-5.400000095367432,12.0,38.06053161621094,0,
 724310,0.041259765625,-1.12548828125,-0.986083984375,40.030487060546875,90.30487823486328,11.310976028442383,-4.650000095367432,-8.399999618530273,13.199999809265137,37.96468734741211,0,
 724320,-0.031494140625,-0.498046875,-0.6845703125,-143.59756469726562,68.14024353027344,9.17682933807373,-6.599999904632568,-7.650000095367432,13.199999809265137,38.15637969970703,0,
 724330,0.189453125,0.049072265625,-1.123291015625,-246.09756469726562,97.5,25.975610733032227,-6.0,-6.599999904632568,13.050000190734863,38.108455657958984,0,
 724340,0.233154296875,0.312255859375,-1.174072265625,-182.1341552734375,94.26829528808594,39.024391174316406,-7.050000190734863,-10.800000190734863,15.899999618530273,38.25222396850586,0,
 724350,0.2509765625,0.26123046875,-0.870361328125,-76.49390411376953,37.65243911743164,14.268293380737305,-7.050000190734863,-10.800000190734863,15.899999618530273,38.108455657958984,0,
 724360,0.085205078125,-0.177734375,-0.910888671875,49.39024353027344,0.4878048896789551,6.189024448394775,-7.5,-11.850000381469727,15.75,37.96468734741211,0,
 724370,-0.029052734375,-0.513427734375,-1.005859375,129.26829528808594,-17.13414764404297,4.1768293380737305,-7.5,-10.649999618530273,16.5,38.108455657958984,0,
 724380,-0.169677734375,-0.660888671875,-1.016357421875,82.3780517578125,-17.286584854125977,-11.981707572937012,-7.199999809265137,-10.949999809265137,13.5,38.25222396850586,0,
 724390,-0.167236328125,-0.5419921875,-1.1162109375,2.4390244483947754,11.493903160095215,-6.158536911010742,-7.199999809265137,-10.949999809265137,13.5,38.25222396850586,0,
 724400,-0.123779296875,-0.6123046875,-1.030029296875,7.317073345184326,30.518293380737305,-4.481707572937012,-6.0,-9.449999809265137,13.800000190734863,38.300148010253906,0,
 724410,-0.401611328125,-0.17919921875,-1.33935546875,-47.774391174316406,47.835365295410156,-2.7134146690368652,-6.300000190734863,-9.300000190734863,15.149999618530273,37.91676330566406,0,
 724420,-0.958251953125,-0.33056640625,-1.453125,-24.878049850463867,57.65243911743164,-25.762195587158203,-8.399999618530273,-10.949999809265137,13.800000190734863,37.96468734741211,0,
 724430,0.420654296875,-1.343017578125,-0.141357421875,114.26829528808594,121.21951293945312,-80.18292999267578,-8.399999618530273,-9.449999809265137,14.25,38.300148010253906,0,
 724440,0.27880859375,-0.330078125,-1.54296875,-86.58536529541016,63.2621955871582,-40.4878044128418,-8.399999618530273,-9.449999809265137,14.25,38.108455657958984,0,
 724450,-0.23681640625,0.110595703125,-0.845703125,-112.28659057617188,30.09146499633789,-45.88414764404297,-10.050000190734863,-11.550000190734863,14.399999618530273,37.91676330566406,0,
 724460,0.299560546875,-0.024658203125,-0.933837890625,-34.2378044128418,113.84146881103516,-2.22560977935791,-9.300000190734863,-10.350000381469727,15.149999618530273,38.06053161621094,0,
 724470,0.305908203125,-0.0380859375,-1.003662109375,-55.70122146606445,91.31097412109375,-0.09146341681480408,-11.550000190734863,-10.800000190734863,15.899999618530273,38.25222396850586,0,
 724480,0.405517578125,0.042724609375,-0.786865234375,-60.70122146606445,73.14024353027344,0.12195122241973877,-11.550000190734863,-10.800000190734863,15.899999618530273,38.108455657958984,0,
 724490,0.46337890625,0.1416015625,-0.780029296875,-24.23780632019043,57.713417053222656,15.731707572937012,-11.550000190734863,-12.0,14.399999618530273,38.06053161621094,0,
 724500,0.3779296875,-0.063232421875,-0.813232421875,33.2621955871582,40.15243911743164,16.09756088256836,-12.0,-9.600000381469727,13.949999809265137,38.395992279052734,0,
 724540,0.483642578125,-0.458984375,-0.698974609375,15.060976028442383,-7.439024448394775,-1.0060975551605225,-12.300000190734863,-11.25,10.649999618530273,38.25222396850586,0,
 724550,0.394287109375,-0.4453125,-0.750244140625,12.439024925231934,-14.969512939453125,-3.2012195587158203,-12.149999618530273,-10.199999809265137,14.550000190734863,37.96468734741211,0,
 724560,0.430419921875,-0.4560546875,-0.781005859375,-0.8841463327407837,-26.341463088989258,-8.445121765136719,-13.350000381469727,-10.949999809265137,14.550000190734863,38.06053161621094,0,
 724570,0.40234375,-0.354248046875,-0.8115234375,2.4390244483947754,-37.92683029174805,-10.0,-13.350000381469727,-10.949999809265137,14.550000190734863,38.25222396850586,0,
 724580,0.31005859375,-0.31103515625,-0.86474609375,1.7987805604934692,-41.82926940917969,-10.396341323852539,-10.800000190734863,-10.350000381469727,13.649999618530273,38.06053161621094,0,
 724590,0.3359375,-0.248291015625,-0.827880859375,-10.914634704589844,-44.20731735229492,-6.097560882568359,-12.149999618530273,-10.949999809265137,13.050000190734863,38.06053161621094,0,
 724600,0.519775390625,-0.16748046875,-0.756103515625,-22.225610733032227,-59.17683029174805,4.02439022064209,-10.050000190734863,-11.550000190734863,14.399999618530273,37.91676330566406,0,
 724610,0.68115234375,-0.091796875,-0.65087890625,-37.256099700927734,-72.7743911743164,21.829269409179688,-9.600000381469727,-12.0,14.699999809265137,38.108455657958984,0,
 724620,0.886962890625,-0.052001953125,-0.496337890625,-49.78658676147461,-98.506103515625,40.54878234863281,-9.600000381469727,-12.0,14.699999809265137,37.96468734741211,0,
 724630,1.048583984375,-0.03173828125,-0.3603515625,-39.969512939453125,-140.7926788330078,56.1280517578125,-9.899999618530273,-13.800000190734863,16.049999237060547,38.300148010253906,0,
 724640,0.912841796875,0.01220703125,-0.33837890625,-52.713417053222656,-193.84146118164062,54.26829528808594,-7.199999809265137,-11.399999618530273,14.550000190734863,38.25222396850586,0,
 724650,-0.5673828125,0.754638671875,-1.647216796875,94.69512176513672,-237.34756469726562,-14.054878234863281,-8.699999809265137,-12.149999618530273,15.300000190734863,37.96468734741211,0,
 724660,-2.360107421875,1.000732421875,-2.814208984375,342.5,-58.567073822021484,-83.68902587890625,-8.699999809265137,-12.149999618530273,15.300000190734863,38.395992279052734,0,
 724681,-0.029541015625,-2.178955078125,-1.67431640625,108.26219940185547,-73.17073059082031,8.90243911743164,-5.849999904632568,-4.949999809265137,12.449999809265137,38.06053161621094,0,
 724691,-0.5087890625,-1.8408203125,-0.700439453125,-62.317073822021484,-84.81707763671875,26.89024543762207,-5.699999809265137,-6.300000190734863,11.550000190734863,38.25222396850586,0,
 724701,-0.4423828125,-0.94287109375,-0.761962890625,-32.621952056884766,19.08536720275879,21.341463088989258,-4.349999904632568,-10.050000190734863,14.399999618530273,37.96468734741211,0,
 724711,0.015625,-0.9765625,-1.06298828125,-44.78658676147461,97.74390411376953,3.932926893234253,-4.349999904632568,-10.050000190734863,14.399999618530273,37.91676330566406,0,
 724851,0.25537109375,0.044677734375,-1.343505859375,-55.39634323120117,111.31098175048828,5.27439022064209,-8.399999618530273,-10.649999618530273,12.0,38.06053161621094,0,
 724861,0.171630859375,-0.0419921875,-0.815185546875,-58.59756088256836,76.92073059082031,-6.981707572937012,-11.25,-10.800000190734863,14.399999618530273,38.06053161621094,0,
 724871,0.439697265625,0.126953125,-0.929931640625,-41.128047943115234,79.57317352294922,16.615854263305664,-10.5,-10.350000381469727,13.949999809265137,38.395992279052734,0,
 724881,0.27587890625,-0.0556640625,-0.88623046875,16.40243911743164,49.63414764404297,18.018293380737305,-12.0,-10.800000190734863,13.649999618530273,38.395992279052734,0,
 724891,0.33056640625,-0.23974609375,-0.79931640625,35.73170852661133,51.55487823486328,23.140243530273438,-12.0,-10.800000190734863,13.649999618530273,38.300148010253906,0,
 724901,0.407958984375,-0.190185546875,-0.800537109375,2.012195110321045,50.121952056884766,29.54268455505371,-10.949999809265137,-9.449999809265137,13.5,37.96468734741211,0,
 724911,0.431640625,-0.225830078125,-0.8271484375,-1.737804889678955,43.84146499633789,30.823171615600586,-12.899999618530273,-11.399999618530273,14.25,38.06053161621094,0,
 724921,0.4208984375,-0.345458984375,-0.818359375,13.75,33.44512176513672,26.371952056884766,-12.75,-11.550000190734863,13.649999618530273,37.91676330566406,0,
 724931,0.40966796875,-0.401611328125,-0.73388671875,12.591464042663574,26.4939022064209,19.969512939453125,-12.75,-11.550000190734863,13.649999618530273,38.395992279052734,0,
 724941,0.386474609375,-0.45654296875,-0.74072265625,14.695122718811035,13.018293380737305,10.762195587158203,-11.399999618530273,-10.199999809265137,15.300000190734863,38.25222396850586,0,
 724951,0.427490234375,-0.505859375,-0.75,12.65243911743164,5.4268293380737305,2.317073106765747,-12.300000190734863,-10.350000381469727,9.899999618530273,38.06053161621094,0,
 724961,0.407470703125,-0.448974609375,-0.8056640625,5.304878234863281,-8.231707572937012,-5.4268293380737305,-10.5,-11.25,13.949999809265137,38.25222396850586,0,
 724971,0.393310546875,-0.393310546875,-0.799560546875,2.378048896789551,-17.164634704589844,-12.34756088256836,-12.149999618530273,-11.850000381469727,15.0,38.25222396850586,0,
 724981,0.388671875,-0.305908203125,-0.8056640625,-3.3841464519500732,-26.4939022064209,-14.390244483947754,-10.050000190734863,-12.0,14.399999618530273,38.06053161621094,0,
 724991,0.3623046875,-0.23583984375,-0.862548828125,-5.030488014221191,-38.628047943115234,-11.341464042663574,-11.550000190734863,-10.050000190734863,14.699999809265137,38.06053161621094,0,
 725001,0.389404296875,-0.182373046875,-0.812744140625,-13.109756469726562,-43.38414764404297,-6.707317352294922,-12.149999618530273,-10.649999618530273,14.25,38.06053161621094,0,
 725011,0.557861328125,-0.11572265625,-0.740478515625,-15.335366249084473,-58.99390411376953,-0.18292683362960815,-10.649999618530273,-10.949999809265137,15.300000190734863,38.15637969970703,0,
 725021,0.739501953125,-0.093017578125,-0.622802734375,-20.15243911743164,-79.11585235595703,11.981707572937012,-10.649999618530273,-10.949999809265137,15.300000190734863,38.108455657958984,0,
 725031,0.9267578125,-0.13330078125,-0.4345703125,-31.55487823486328,-106.55487823486328,28.9939022064209,-9.899999618530273,-12.600000381469727,15.0,38.108455657958984,0,
 725041,1.130126953125,-0.149658203125,-0.293701171875,-36.85975646972656,-151.85975646972656,43.38414764404297,-9.449999809265137,-12.600000381469727,15.300000190734863,37.96468734741211,0,
 725051,1.061767578125,-0.114990234375,-0.23291015625,-12.804878234863281,-212.7134246826172,39.14634323120117,-7.949999809265137,-11.850000381469727,13.5,38.25222396850586,0,
 725061,0.132568359375,0.5,-0.808837890625,6.128048896789551,-273.1402587890625,-4.146341323852539,-7.949999809265137,-11.850000381469727,13.5,38.06053161621094,0,
 725071,-2.64892578125,1.888427734375,-3.497802734375,241.5853729248047,-164.26829528808594,-92.16463470458984,-7.349999904632568,-13.649999618530273,16.200000762939453,38.06053161621094,0,
 725081,-1.74951171875,-0.033935546875,-0.857666015625,294.45123291015625,48.99390411376953,-90.42683410644531,-5.699999809265137,-9.449999809265137,12.300000190734863,38.25222396850586,0,
 725091,-0.38623046875,-1.332275390625,-0.696533203125,400.5487976074219,-46.7378044128418,-56.95122146606445,-6.449999809265137,-6.300000190734863,12.0,37.96468734741211,0,
 725101,-0.179443359375,-3.24267578125,-1.832275390625,-69.96951293945312,-108.29268646240234,24.78658676147461,-5.699999809265137,-5.099999904632568,12.300000190734863,38.108455657958984,0,
 725111,-0.77392578125,-1.499755859375,0.044921875,-164.84756469726562,-25.823171615600586,31.25,-5.699999809265137,-5.099999904632568,12.300000190734863,38.25222396850586,0,
 725121,-0.707275390625,-0.44970703125,-1.090576171875,64.69512176513672,99.42073059082031,8.445121765136719,-4.5,-8.25,13.5,37.96468734741211,0,
 725151,0.205078125,0.32568359375,-1.214111328125,-210.0,110.91463470458984,35.914634704589844,-5.25,-8.699999809265137,14.550000190734863,38.108455657958984,0,
 725161,0.33203125,0.26953125,-0.839111328125,-119.69512176513672,59.756099700927734,27.621952056884766,-5.400000095367432,-11.550000190734863,14.699999809265137,38.395992279052734,0,
 725171,0.043212890625,0.0517578125,-0.927001953125,-2.8353660106658936,5.0,5.4268293380737305,-7.199999809265137,-12.600000381469727,15.300000190734863,38.25222396850586,0,
 725181,0.0263671875,-0.39501953125,-1.04931640625,130.15243530273438,0.4573170840740204,5.97560977935791,-6.599999904632568,-11.550000190734863,15.449999809265137,38.15637969970703,0,
 725191,-0.006103515625,-0.545166015625,-0.891845703125,103.14024353027344,-10.54878044128418,-1.920731782913208,-6.599999904632568,-10.350000381469727,14.699999809265137,38.06053161621094,0,
 725201,-0.083251953125,-0.35546875,-1.12939453125,12.804878234863281,4.115853786468506,-10.518293380737305,-6.599999904632568,-10.350000381469727,14.699999809265137,38.395992279052734,0,
 725211,-0.044677734375,-0.38720703125,-1.138427734375,21.707317352294922,25.2439022064209,-5.152439117431641,-7.199999809265137,-11.850000381469727,15.75,38.15637969970703,0,
 725221,-0.27099609375,-0.306396484375,-1.048583984375,26.128049850463867,21.981708526611328,-12.77439022064209,-6.75,-11.399999618530273,15.0,38.25222396850586,0,
 725231,-0.57861328125,-0.503173828125,-1.306884765625,-7.77439022064209,42.5,-30.213415145874023,-6.300000190734863,-10.800000190734863,13.949999809265137,38.300148010253906,0,
 725241,0.253173828125,-1.2685546875,-0.24853515625,80.2743911743164,99.45122528076172,-72.34756469726562,-6.300000190734863,-10.800000190734863,13.949999809265137,37.96468734741211,0,
 725251,0.35595703125,-0.554443359375,-1.318359375,-35.15243911743164,51.49390411376953,-50.121952056884766,-8.699999809265137,-8.699999809265137,13.5,38.108455657958984,0,
 725261,-0.25439453125,0.1748046875,-1.099853515625,-126.49390411376953,8.689024925231934,-48.14024353027344,-7.349999904632568,-11.25,11.399999618530273,38.06053161621094,0,
 725271,0.140869140625,-0.045654296875,-1.0048828125,-19.60365867614746,85.70122528076172,-17.80487823486328,-9.600000381469727,-9.300000190734863,14.699999809265137,38.25222396850586,0,
 725281,0.1826171875,-0.0244140625,-1.049560546875,-57.43902587890625,76.92073059082031,-12.65243911743164,-9.899999618530273,-9.899999618530273,13.5,38.25222396850586,0,
 725291,0.1767578125,0.044921875,-0.93701171875,-53.44512176513672,67.62195587158203,-0.8231707215309143,-9.899999618530273,-9.899999618530273,13.5,38.06053161621094,0,
 725301,0.23779296875,0.01904296875,-0.950927734375,-10.853658676147461,63.353660583496094,11.12804889678955,-11.25,-10.050000190734863,15.899999618530273,38.06053161621094,0,
 725311,0.255615234375,-0.13232421875,-0.922607421875,15.457317352294922,57.469512939453125,15.97560977935791,-10.800000190734863,-9.600000381469727,15.149999618530273,38.06053161621094,0,
 725321,0.296875,-0.212646484375,-0.8544921875,11.463415145874023,53.6280517578125,23.323171615600586,-11.699999809265137,-10.649999618530273,13.5,38.06053161621094,0,
 725331,0.3388671875,-0.228271484375,-0.8701171875,-3.5060975551605225,54.085365295410156,33.38414764404297,-11.699999809265137,-10.649999618530273,13.5,38.25222396850586,0,
 725341,0.30126953125,-0.251953125,-0.904052734375,-3.079268455505371,45.82317352294922,38.871952056884766,-10.050000190734863,-10.800000190734863,13.649999618530273,37.91676330566406,0,
 725351,0.348388671875,-0.347900390625,-0.81787109375,5.640244007110596,45.060977935791016,38.04878234863281,-10.800000190734863,-10.800000190734863,14.399999618530273,38.25222396850586,0,
 725361,0.437255859375,-0.28369140625,-0.78173828125,-10.304878234863281,40.82317352294922,36.85975646972656,-10.649999618530273,-11.850000381469727,11.550000190734863,38.15637969970703,0,
 725371,0.37841796875,-0.35400390625,-0.78759765625,1.2195122241973877,25.914634704589844,32.28658676147461,-10.949999809265137,-10.949999809265137,13.050000190734863,38.108455657958984,0,
 725381,0.47265625,-0.37744140625,-0.73583984375,2.012195110321045,17.713415145874023,22.621952056884766,-10.949999809265137,-10.949999809265137,13.050000190734863,38.25222396850586,0,
 725391,0.501708984375,-0.40185546875,-0.686767578125,6.280488014221191,0.396341472864151,13.140244483947754,-11.550000190734863,-11.550000190734863,14.699999809265137,37.77299499511719,0,
 725401,0.50927734375,-0.447509765625,-0.686279296875,10.640244483947754,-15.396342277526855,2.2865853309631348,-12.0,-10.800000190734863,16.200000762939453,38.06053161621094,0,
 725411,0.45068359375,-0.424072265625,-0.74755859375,9.115854263305664,-30.30487823486328,-6.493902683258057,-10.800000190734863,-11.25,13.649999618530273,37.96468734741211,0,
 725421,0.4267578125,-0.350341796875,-0.739013671875,2.804877996444702,-40.94512176513672,-12.317073822021484,-10.800000190734863,-11.25,13.649999618530273,38.108455657958984,0,
 725431,0.55224609375,-0.238037109375,-0.701904296875,-8.018292427062988,-48.2621955871582,-12.77439022064209,-11.550000190734863,-11.550000190734863,14.399999618530273,38.06053161621094,0,
 725441,0.712646484375,-0.1181640625,-0.65478515625,-35.70122146606445,-79.42073059082031,6.707317352294922,-8.699999809265137,-10.649999618530273,15.75,38.108455657958984,0,
 725451,0.843994140625,-0.044189453125,-0.523193359375,-48.810977935791016,-102.71341705322266,23.475610733032227,-10.050000190734863,-13.199999809265137,14.699999809265137,38.25222396850586,0,
 725461,1.020263671875,0.01318359375,-0.42529296875,-41.280487060546875,-140.97561645507812,38.44512176513672,-8.399999618530273,-12.149999618530273,13.5,38.108455657958984,0,
 725472,0.894775390625,0.069091796875,-0.375244140625,2.5609755516052246,-192.28659057617188,42.04268264770508,-8.399999618530273,-12.149999618530273,13.5,38.06053161621094,0,
 725482,0.547607421875,0.111572265625,-0.43505859375,-53.68902587890625,-236.61585998535156,34.48170852661133,-7.5,-13.050000190734863,14.550000190734863,38.108455657958984,0,
 725492,-1.33203125,1.10791015625,-2.20166015625,126.06707763671875,-255.4573211669922,-56.03658676147461,-6.449999809265137,-14.550000190734863,15.0,38.25222396850586,0,
 725502,-2.051513671875,0.55322265625,-2.21484375,324.4207458496094,-1.2804877758026123,-80.82317352294922,-5.849999904632568,-9.600000381469727,15.899999618530273,38.15637969970703,0,
 725512,-0.863037109375,-0.929443359375,-0.5361328125,343.81097412109375,-22.560976028442383,-83.2317123413086,-5.849999904632568,-9.600000381469727,15.899999618530273,38.49183654785156,0,
 725522,-0.1201171875,-2.630615234375,-2.20947265625,88.71951293945312,-103.68902587890625,3.2012195587158203,-4.949999809265137,-5.400000095367432,10.800000190734863,38.108455657958984,0,
 725532,-0.85107421875,-1.958251953125,-0.12109375,-111.95122528076172,-46.280487060546875,25.731708526611328,-5.099999904632568,-7.650000095367432,12.449999809265137,37.77299499511719,0,
 725542,-0.65576171875,-0.679931640625,-0.90380859375,27.012195587158203,60.914634704589844,-1.0670732259750366,-2.549999952316284,-8.25,12.75,38.108455657958984,0,
 725552,-0.24658203125,-1.260009765625,-1.062744140625,-48.75,72.74390411376953,14.542683601379395,-4.349999904632568,-10.050000190734863,12.899999618530273,38.108455657958984,0,
 725562,0.055419921875,-0.848876953125,-0.73388671875,-223.0487823486328,69.57317352294922,23.35365867614746,-4.349999904632568,-10.050000190734863,12.899999618530273,38.108455657958984,0,
 725572,-0.000244140625,-0.125,-0.699951171875,-217.34756469726562,124.0243911743164,45.274391174316406,-5.25,-9.449999809265137,13.800000190734863,38.108455657958984,0,
 725582,0.261474609375,0.201416015625,-1.360595703125,-128.81097412109375,57.560977935791016,29.78658676147461,-5.400000095367432,-11.25,15.449999809265137,38.06053161621094,0,
 725592,0.291259765625,0.137451171875,-0.755126953125,-43.567073822021484,17.225610733032227,13.567073822021484,-6.599999904632568,-10.050000190734863,15.899999618530273,37.96468734741211,0,
 725602,0.2021484375,0.119140625,-0.916259765625,81.09756469726562,-4.72560977935791,9.054878234863281,-6.599999904632568,-10.050000190734863,15.899999618530273,38.108455657958984,0,
 725612,-0.09912109375,-0.5048828125,-0.95849609375,110.03048706054688,-26.219512939453125,-4.1768293380737305,-5.849999904632568,-11.25,15.149999618530273,38.25222396850586,0,
 725622,-0.136962890625,-0.569091796875,-1.049072265625,51.40243911743164,-9.756097793579102,-17.042682647705078,-5.099999904632568,-10.350000381469727,13.949999809265137,38.25222396850586,0,
 725632,-0.244873046875,-0.677734375,-1.173828125,33.53658676147461,4.054878234863281,-11.006097793579102,-4.949999809265137,-8.699999809265137,14.25,37.96468734741211,0,
 725662,-0.1298828125,-0.2294921875,-1.089111328125,-51.49390411376953,48.963417053222656,-4.146341323852539,-4.5,-10.649999618530273,15.0,38.395992279052734,0,
 725672,-0.6357421875,-0.259033203125,-1.457275390625,-48.44512176513672,55.7621955871582,-2.4390244483947754,-5.849999904632568,-11.25,13.199999809265137,38.395992279052734,0,
 725682,-1.122802734375,-0.552978515625,-1.4140625,1.4634146690368652,78.44512176513672,-44.05487823486328,-6.0,-10.649999618530273,13.800000190734863,38.06053161621094,0,
 725692,0.560302734375,-1.796875,0.053466796875,188.84146118164062,107.07317352294922,-114.66463470458984,-6.0,-10.649999618530273,13.800000190734863,38.06053161621094,0,
 725702,0.31201171875,-0.32470703125,-1.611083984375,-146.4329376220703,51.95122146606445,-35.060977935791016,-8.100000381469727,-8.850000381469727,14.399999618530273,38.06053161621094,0,
 725712,-0.156982421875,0.151611328125,-0.9150390625,-118.44512176513672,29.878049850463867,-54.664634704589844,-7.949999809265137,-9.899999618530273,14.550000190734863,38.15637969970703,0,
 725722,0.264892578125,0.065185546875,-0.626708984375,-95.24390411376953,120.8536605834961,12.37804889678955,-8.850000381469727,-11.550000190734863,15.149999618530273,38.300148010253906,0,
 725732,0.463623046875,0.2783203125,-1.248779296875,-108.44512176513672,133.14024353027344,19.115854263305664,-10.050000190734863,-12.0,13.949999809265137,37.96468734741211,0,
 725742,0.372802734375,0.169677734375,-0.65234375,-69.39024353027344,66.28048706054688,-13.62804889678955,-10.050000190734863,-12.0,13.949999809265137,38.06053161621094,0,
 725752,0.315185546875,0.333984375,-0.864990234375,-16.55487823486328,44.14634323120117,12.07317066192627,-12.0,-13.649999618530273,15.449999809265137,38.300148010253906,0,
 725762,0.468505859375,0.022705078125,-0.807861328125,62.74390411376953,48.20122146606445,25.274391174316406,-12.0,-10.800000190734863,14.699999809265137,38.25222396850586,0,
 725872,0.747314453125,-0.059814453125,-0.603271484375,-25.609756469726562,-80.36585235595703,-8.658536911010742,-12.0,-11.550000190734863,15.449999809265137,38.300148010253906,0,
 725882,0.89599609375,-0.05126953125,-0.459716796875,-37.13414764404297,-100.1524429321289,7.77439022064209,-10.199999809265137,-10.949999809265137,14.25,38.300148010253906,0,
 725892,0.968017578125,-0.0400390625,-0.37451171875,-33.932926177978516,-130.3353729248047,24.664634704589844,-10.5,-12.449999809265137,15.449999809265137,38.15637969970703,0,
 725902,-0.150146484375,0.760498046875,-1.269775390625,62.59146499633789,-245.03048706054688,-20.274391174316406,-10.5,-12.449999809265137,15.149999618530273,38.108455657958984,0,
 725912,-1.865966796875,1.160400390625,-2.47314453125,228.53659057617188,-90.54878234863281,-54.42073440551758,-10.5,-12.449999809265137,15.149999618530273,38.25222396850586,0,
 725922,-1.223388671875,-0.228515625,-0.8896484375,259.756103515625,11.37195110321045,-64.08536529541016,-7.050000190734863,-10.350000381469727,14.699999809265137,37.96468734741211,0,
 725932,-0.064453125,-1.341796875,-1.380859375,240.0914764404297,-95.36585235595703,-15.091464042663574,-5.699999809265137,-10.199999809265137,12.300000190734863,38.15637969970703,0,
 725942,-0.293701171875,-1.912109375,-1.13037109375,31.34146499633789,-101.76829528808594,1.6463414430618286,-6.0,-5.849999904632568,13.050000190734863,38.06053161621094,0,
 725952,-0.77294921875,-1.478515625,-0.417724609375,-88.6280517578125,-7.408536911010742,14.969512939453125,-5.849999904632568,-8.100000381469727,12.899999618530273,38.25222396850586,0,
 725962,-0.598388671875,-0.624755859375,-1.16259765625,69.20732116699219,83.84146881103516,-13.719512939453125,-5.849999904632568,-8.100000381469727,12.899999618530273,38.06053161621094,0,
 725972,0.0263671875,-1.475830078125,-1.06103515625,-104.93902587890625,47.0121955871582,16.43292808532715,-5.699999809265137,-7.5,11.25,37.96468734741211,0,
 725982,-0.15234375,-0.698486328125,-0.635498046875,-203.53659057617188,81.25,24.908536911010742,-7.349999904632568,-8.100000381469727,12.449999809265137,38.06053161621094,0,
 725992,-0.005859375,-0.197998046875,-1.007080078125,-161.7073211669922,100.18292999267578,38.2621955871582,-6.0,-9.0,13.800000190734863,38.15637969970703,0,
 726002,0.218994140625,0.006591796875,-1.184814453125,-134.66464233398438,58.44512176513672,32.92683029174805,-6.0,-9.0,13.800000190734863,38.06053161621094,0,
 726012,0.19482421875,0.200927734375,-0.971923828125,-35.853660583496094,28.170732498168945,10.914634704589844,-6.0,-10.949999809265137,13.5,38.300148010253906,0,
 726022,0.151611328125,0.015869140625,-0.912109375,59.69512176513672,3.6890244483947754,14.115854263305664,-5.849999904632568,-10.800000190734863,13.949999809265137,38.108455657958984,0,
 726032,0.04736328125,-0.27197265625,-1.02197265625,56.85975646972656,4.878048896789551,-1.8902438879013062,-6.449999809265137,-9.899999618530273,13.5,38.108455657958984,0,
 726042,-0.029541015625,-0.548583984375,-0.93896484375,-12.439024925231934,24.420732498168945,3.353658676147461,-5.699999809265137,-9.449999809265137,15.0,38.25222396850586,0,
 726052,0.00732421875,-0.3447265625,-1.05126953125,2.5,19.817073822021484,-0.7012194991111755,-5.699999809265137,-9.449999809265137,15.0,38.06053161621094,0,
 726072,-0.130859375,-0.167724609375,-1.15234375,-31.707317352294922,33.810977935791016,-1.6463414430618286,-8.699999809265137,-10.199999809265137,13.5,37.868839263916016,0,
 726082,-0.339599609375,-0.369384765625,-1.2529296875,-2.591463565826416,38.963417053222656,-16.4939022064209,-7.800000190734863,-11.550000190734863,12.449999809265137,38.108455657958984,0,
 726092,-0.16796875,-0.806640625,-0.8427734375,26.371952056884766,62.13414764404297,-42.07317352294922,-7.800000190734863,-11.550000190734863,12.449999809265137,37.96468734741211,0,
 726102,0.226318359375,-0.770751953125,-1.031494140625,42.9878044128418,66.70732116699219,-49.14634323120117,-6.449999809265137,-10.649999618530273,14.25,38.49183654785156,0,
 726112,-0.144287109375,-0.151611328125,-1.150634765625,-65.9756088256836,30.2439022064209,-30.914634704589844,-9.449999809265137,-9.899999618530273,14.550000190734863,38.06053161621094,0,
 726122,0.267333984375,-0.22021484375,-0.854248046875,-25.670732498168945,91.49390411376953,-12.560976028442383,-9.149999618530273,-10.649999618530273,13.5,37.91676330566406,0,
 726132,0.2314453125,0.014404296875,-1.052490234375,-86.43292999267578,87.13414764404297,-1.0365853309631348,-10.800000190734863,-11.25,14.699999809265137,38.300148010253906,0,
 726142,0.20751953125,0.02880859375,-0.88623046875,-50.97561264038086,72.8963394165039,4.45121955871582,-10.800000190734863,-11.25,14.699999809265137,38.15637969970703,0,
 726152,0.391845703125,-0.000732421875,-0.843505859375,-17.439023971557617,70.76219940185547,15.609756469726562,-9.899999618530273,-11.850000381469727,13.800000190734863,38.108455657958984,0,
 726162,0.267822265625,0.00244140625,-0.888671875,-1.3414634466171265,48.932926177978516,25.091463088989258,-10.199999809265137,-9.0,13.5,38.06053161621094,0,
 726172,0.376953125,-0.118408203125,-0.870849609375,14.420732498168945,53.871952056884766,33.84146499633789,-8.699999809265137,-11.399999618530273,13.800000190734863,37.96468734741211,0,
 726182,0.41748046875,-0.099609375,-0.852294921875,-2.6219513416290283,49.817073822021484,37.5,-8.699999809265137,-11.399999618530273,13.800000190734863,38.06053161621094,0,
 726192,0.417236328125,-0.2470703125,-0.82568359375,13.75,43.871952056884766,34.78658676147461,-11.399999618530273,-11.850000381469727,14.25,38.25222396850586,0,
 726202,0.423095703125,-0.427490234375,-0.748046875,30.823171615600586,33.38414764404297,29.878049850463867,-10.5,-11.25,13.199999809265137,37.96468734741211,0,
 726212,0.359375,-0.531494140625,-0.72265625,32.835365295410156,17.68292808532715,19.7560977935791,-11.550000190734863,-9.600000381469727,14.399999618530273,38.15637969970703,0,
 726222,0.421142578125,-0.551025390625,-0.687255859375,18.292682647705078,14.054878234863281,7.804878234863281,-11.550000190734863,-10.350000381469727,15.449999809265137,38.06053161621094,0,
 726232,0.468017578125,-0.50927734375,-0.736083984375,5.152439117431641,0.21341463923454285,-0.9756097793579102,-11.550000190734863,-10.350000381469727,15.449999809265137,38.06053161621094,0,
 726242,0.4384765625,-0.465087890625,-0.748291015625,6.493902683258057,-14.756097793579102,-9.664634704589844,-12.0,-9.300000190734863,13.949999809265137,38.15637969970703,0,
 726252,0.409423828125,-0.326904296875,-0.767333984375,-4.512195110321045,-24.359756469726562,-16.341463088989258,-11.699999809265137,-11.399999618530273,15.300000190734863,38.395992279052734,0,
 726262,0.393310546875,-0.28125,-0.8271484375,0.7317073345184326,-34.878047943115234,-16.829269409179688,-12.0,-11.25,13.649999618530273,38.25222396850586,0,
 726272,0.349365234375,-0.1826171875,-0.85888671875,-4.5731706619262695,-41.95122146606445,-15.15243911743164,-12.0,-11.25,13.649999618530273,37.77299499511719,0,
 